tree,level,leaf,left_count,right_count
0,0,0,3137,396863
0,1,0,3137,0
0,1,1,393733,3130
0,2,0,3137,0
0,2,1,3162,390571
0,2,2,0,0
0,2,3,0,3130
0,3,0,3137,0
0,3,1,3162,0
0,3,2,0,0
0,3,3,0,0
0,3,4,0,0
0,3,5,387439,3132
0,3,6,0,0
0,3,7,0,3130
0,4,0,3137,0
0,4,1,3162,0
0,4,2,0,0
0,4,3,0,0
0,4,4,0,0
0,4,5,384305,3134
0,4,6,0,0
0,4,7,0,0
0,4,8,0,0
0,4,9,0,0
0,4,10,0,0
0,4,11,0,0
0,4,12,0,0
0,4,13,0,3132
0,4,14,0,0
0,4,15,0,3130
0,5,0,3137,0
0,5,1,3162,0
0,5,2,0,0
0,5,3,0,0
0,5,4,0,0
0,5,5,381135,3170
0,5,6,0,0
0,5,7,0,0
0,5,8,0,0
0,5,9,0,0
0,5,10,0,0
0,5,11,0,0
0,5,12,0,0
0,5,13,0,0
0,5,14,0,0
0,5,15,0,0
0,5,16,0,0
0,5,17,0,0
0,5,18,0,0
0,5,19,0,0
0,5,20,0,0
0,5,21,0,3134
0,5,22,0,0
0,5,23,0,0
0,5,24,0,0
0,5,25,0,0
0,5,26,0,0
0,5,27,0,0
0,5,28,0,0
0,5,29,0,3132
0,5,30,0,0
0,5,31,0,3130
1,0,0,3137,396863
1,1,0,3137,0
1,1,1,393733,3130
1,2,0,3137,0
1,2,1,3162,390571
1,2,2,0,0
1,2,3,0,3130
1,3,0,3137,0
1,3,1,3162,0
1,3,2,0,0
1,3,3,0,0
1,3,4,0,0
1,3,5,3097,387474
1,3,6,0,0
1,3,7,0,3130
1,4,0,3137,0
1,4,1,3162,0
1,4,2,0,0
1,4,3,0,0
1,4,4,0,0
1,4,5,3097,0
1,4,6,0,0
1,4,7,0,0
1,4,8,0,0
1,4,9,0,0
1,4,10,0,0
1,4,11,0,0
1,4,12,0,0
1,4,13,3085,384389
1,4,14,0,0
1,4,15,0,3130
1,5,0,3137,0
1,5,1,3162,0
1,5,2,0,0
1,5,3,0,0
1,5,4,0,0
1,5,5,3097,0
1,5,6,0,0
1,5,7,0,0
1,5,8,0,0
1,5,9,0,0
1,5,10,0,0
1,5,11,0,0
1,5,12,0,0
1,5,13,3085,0
1,5,14,0,0
1,5,15,0,0
1,5,16,0,0
1,5,17,0,0
1,5,18,0,0
1,5,19,0,0
1,5,20,0,0
1,5,21,0,0
1,5,22,0,0
1,5,23,0,0
1,5,24,0,0
1,5,25,0,0
1,5,26,0,0
1,5,27,0,0
1,5,28,0,0
1,5,29,3088,381301
1,5,30,0,0
1,5,31,0,3130
2,0,0,3137,396863
2,1,0,3137,0
2,1,1,3162,393701
2,2,0,3137,0
2,2,1,3162,0
2,2,2,0,0
2,2,3,3097,390604
2,3,0,3137,0
2,3,1,3162,0
2,3,2,0,0
2,3,3,3097,0
2,3,4,0,0
2,3,5,0,0
2,3,6,0,0
2,3,7,3085,387519
2,4,0,3137,0
2,4,1,3162,0
2,4,2,0,0
2,4,3,3097,0
2,4,4,0,0
2,4,5,0,0
2,4,6,0,0
2,4,7,3085,0
2,4,8,0,0
2,4,9,0,0
2,4,10,0,0
2,4,11,0,0
2,4,12,0,0
2,4,13,0,0
2,4,14,0,0
2,4,15,3088,384431
2,5,0,3137,0
2,5,1,3162,0
2,5,2,0,0
2,5,3,3097,0
2,5,4,0,0
2,5,5,0,0
2,5,6,0,0
2,5,7,3085,0
2,5,8,0,0
2,5,9,0,0
2,5,10,0,0
2,5,11,0,0
2,5,12,0,0
2,5,13,0,0
2,5,14,0,0
2,5,15,3088,0
2,5,16,0,0
2,5,17,0,0
2,5,18,0,0
2,5,19,0,0
2,5,20,0,0
2,5,21,0,0
2,5,22,0,0
2,5,23,0,0
2,5,24,0,0
2,5,25,0,0
2,5,26,0,0
2,5,27,0,0
2,5,28,0,0
2,5,29,0,0
2,5,30,0,0
2,5,31,3106,381325
3,0,0,396870,3130
3,1,0,393738,3132
3,1,1,0,3130
3,2,0,390604,3134
3,2,1,0,0
3,2,2,0,3132
3,2,3,0,3130
3,3,0,387434,3170
3,3,1,0,0
3,3,2,0,0
3,3,3,0,0
3,3,4,0,3134
3,3,5,0,0
3,3,6,0,3132
3,3,7,0,3130
3,4,0,384241,3193
3,4,1,0,0
3,4,2,0,0
3,4,3,0,0
3,4,4,0,0
3,4,5,0,0
3,4,6,0,0
3,4,7,0,0
3,4,8,0,3170
3,4,9,0,0
3,4,10,0,0
3,4,11,0,0
3,4,12,0,3134
3,4,13,0,0
3,4,14,0,3132
3,4,15,0,3130
3,5,0,381142,3099
3,5,1,0,0
3,5,2,0,0
3,5,3,0,0
3,5,4,0,0
3,5,5,0,0
3,5,6,0,0
3,5,7,0,0
3,5,8,0,0
3,5,9,0,0
3,5,10,0,0
3,5,11,0,0
3,5,12,0,0
3,5,13,0,0
3,5,14,0,0
3,5,15,0,0
3,5,16,0,3193
3,5,17,0,0
3,5,18,0,0
3,5,19,0,0
3,5,20,0,0
3,5,21,0,0
3,5,22,0,0
3,5,23,0,0
3,5,24,0,3170
3,5,25,0,0
3,5,26,0,0
3,5,27,0,0
3,5,28,0,3134
3,5,29,0,0
3,5,30,0,3132
3,5,31,0,3130
4,0,0,3137,396863
4,1,0,3137,0
4,1,1,3162,393701
4,2,0,3137,0
4,2,1,3162,0
4,2,2,0,0
4,2,3,3097,390604
4,3,0,3137,0
4,3,1,3162,0
4,3,2,0,0
4,3,3,3097,0
4,3,4,0,0
4,3,5,0,0
4,3,6,0,0
4,3,7,3085,387519
4,4,0,3137,0
4,4,1,3162,0
4,4,2,0,0
4,4,3,3097,0
4,4,4,0,0
4,4,5,0,0
4,4,6,0,0
4,4,7,3085,0
4,4,8,0,0
4,4,9,0,0
4,4,10,0,0
4,4,11,0,0
4,4,12,0,0
4,4,13,0,0
4,4,14,0,0
4,4,15,3088,384431
4,5,0,3137,0
4,5,1,3162,0
4,5,2,0,0
4,5,3,3097,0
4,5,4,0,0
4,5,5,0,0
4,5,6,0,0
4,5,7,3085,0
4,5,8,0,0
4,5,9,0,0
4,5,10,0,0
4,5,11,0,0
4,5,12,0,0
4,5,13,0,0
4,5,14,0,0
4,5,15,3088,0
4,5,16,0,0
4,5,17,0,0
4,5,18,0,0
4,5,19,0,0
4,5,20,0,0
4,5,21,0,0
4,5,22,0,0
4,5,23,0,0
4,5,24,0,0
4,5,25,0,0
4,5,26,0,0
4,5,27,0,0
4,5,28,0,0
4,5,29,0,0
4,5,30,0,0
4,5,31,3106,381325
5,0,0,396870,3130
5,1,0,393738,3132
5,1,1,0,3130
5,2,0,390604,3134
5,2,1,0,0
5,2,2,0,3132
5,2,3,0,3130
5,3,0,387434,3170
5,3,1,0,0
5,3,2,0,0
5,3,3,0,0
5,3,4,0,3134
5,3,5,0,0
5,3,6,0,3132
5,3,7,0,3130
5,4,0,384241,3193
5,4,1,0,0
5,4,2,0,0
5,4,3,0,0
5,4,4,0,0
5,4,5,0,0
5,4,6,0,0
5,4,7,0,0
5,4,8,0,3170
5,4,9,0,0
5,4,10,0,0
5,4,11,0,0
5,4,12,0,3134
5,4,13,0,0
5,4,14,0,3132
5,4,15,0,3130
5,5,0,381142,3099
5,5,1,0,0
5,5,2,0,0
5,5,3,0,0
5,5,4,0,0
5,5,5,0,0
5,5,6,0,0
5,5,7,0,0
5,5,8,0,0
5,5,9,0,0
5,5,10,0,0
5,5,11,0,0
5,5,12,0,0
5,5,13,0,0
5,5,14,0,0
5,5,15,0,0
5,5,16,0,3193
5,5,17,0,0
5,5,18,0,0
5,5,19,0,0
5,5,20,0,0
5,5,21,0,0
5,5,22,0,0
5,5,23,0,0
5,5,24,0,3170
5,5,25,0,0
5,5,26,0,0
5,5,27,0,0
5,5,28,0,3134
5,5,29,0,0
5,5,30,0,3132
5,5,31,0,3130
6,0,0,3137,396863
6,1,0,3137,0
6,1,1,3162,393701
6,2,0,3137,0
6,2,1,3162,0
6,2,2,0,0
6,2,3,3097,390604
6,3,0,3137,0
6,3,1,3162,0
6,3,2,0,0
6,3,3,3097,0
6,3,4,0,0
6,3,5,0,0
6,3,6,0,0
6,3,7,3085,387519
6,4,0,3137,0
6,4,1,3162,0
6,4,2,0,0
6,4,3,3097,0
6,4,4,0,0
6,4,5,0,0
6,4,6,0,0
6,4,7,3085,0
6,4,8,0,0
6,4,9,0,0
6,4,10,0,0
6,4,11,0,0
6,4,12,0,0
6,4,13,0,0
6,4,14,0,0
6,4,15,3088,384431
6,5,0,3137,0
6,5,1,3162,0
6,5,2,0,0
6,5,3,3097,0
6,5,4,0,0
6,5,5,0,0
6,5,6,0,0
6,5,7,3085,0
6,5,8,0,0
6,5,9,0,0
6,5,10,0,0
6,5,11,0,0
6,5,12,0,0
6,5,13,0,0
6,5,14,0,0
6,5,15,3088,0
6,5,16,0,0
6,5,17,0,0
6,5,18,0,0
6,5,19,0,0
6,5,20,0,0
6,5,21,0,0
6,5,22,0,0
6,5,23,0,0
6,5,24,0,0
6,5,25,0,0
6,5,26,0,0
6,5,27,0,0
6,5,28,0,0
6,5,29,0,0
6,5,30,0,0
6,5,31,3106,381325
7,0,0,396870,3130
7,1,0,393738,3132
7,1,1,0,3130
7,2,0,390604,3134
7,2,1,0,0
7,2,2,0,3132
7,2,3,0,3130
7,3,0,387434,3170
7,3,1,0,0
7,3,2,0,0
7,3,3,0,0
7,3,4,0,3134
7,3,5,0,0
7,3,6,0,3132
7,3,7,0,3130
7,4,0,384241,3193
7,4,1,0,0
7,4,2,0,0
7,4,3,0,0
7,4,4,0,0
7,4,5,0,0
7,4,6,0,0
7,4,7,0,0
7,4,8,0,3170
7,4,9,0,0
7,4,10,0,0
7,4,11,0,0
7,4,12,0,3134
7,4,13,0,0
7,4,14,0,3132
7,4,15,0,3130
7,5,0,381142,3099
7,5,1,0,0
7,5,2,0,0
7,5,3,0,0
7,5,4,0,0
7,5,5,0,0
7,5,6,0,0
7,5,7,0,0
7,5,8,0,0
7,5,9,0,0
7,5,10,0,0
7,5,11,0,0
7,5,12,0,0
7,5,13,0,0
7,5,14,0,0
7,5,15,0,0
7,5,16,0,3193
7,5,17,0,0
7,5,18,0,0
7,5,19,0,0
7,5,20,0,0
7,5,21,0,0
7,5,22,0,0
7,5,23,0,0
7,5,24,0,3170
7,5,25,0,0
7,5,26,0,0
7,5,27,0,0
7,5,28,0,3134
7,5,29,0,0
7,5,30,0,3132
7,5,31,0,3130
8,0,0,3137,396863
8,1,0,3137,0
8,1,1,393733,3130
8,2,0,3137,0
8,2,1,390601,3132
8,2,2,0,0
8,2,3,0,3130
8,3,0,3137,0
8,3,1,387467,3134
8,3,2,0,0
8,3,3,0,0
8,3,4,0,0
8,3,5,0,3132
8,3,6,0,0
8,3,7,0,3130
8,4,0,3137,0
8,4,1,384297,3170
8,4,2,0,0
8,4,3,0,0
8,4,4,0,0
8,4,5,0,0
8,4,6,0,0
8,4,7,0,0
8,4,8,0,0
8,4,9,0,3134
8,4,10,0,0
8,4,11,0,0
8,4,12,0,0
8,4,13,0,3132
8,4,14,0,0
8,4,15,0,3130
8,5,0,3137,0
8,5,1,381104,3193
8,5,2,0,0
8,5,3,0,0
8,5,4,0,0
8,5,5,0,0
8,5,6,0,0
8,5,7,0,0
8,5,8,0,0
8,5,9,0,0
8,5,10,0,0
8,5,11,0,0
8,5,12,0,0
8,5,13,0,0
8,5,14,0,0
8,5,15,0,0
8,5,16,0,0
8,5,17,0,3170
8,5,18,0,0
8,5,19,0,0
8,5,20,0,0
8,5,21,0,0
8,5,22,0,0
8,5,23,0,0
8,5,24,0,0
8,5,25,0,3134
8,5,26,0,0
8,5,27,0,0
8,5,28,0,0
8,5,29,0,3132
8,5,30,0,0
8,5,31,0,3130
9,0,0,3137,396863
9,1,0,3137,0
9,1,1,3162,393701
9,2,0,3137,0
9,2,1,3162,0
9,2,2,0,0
9,2,3,3097,390604
9,3,0,3137,0
9,3,1,3162,0
9,3,2,0,0
9,3,3,3097,0
9,3,4,0,0
9,3,5,0,0
9,3,6,0,0
9,3,7,3085,387519
9,4,0,3137,0
9,4,1,3162,0
9,4,2,0,0
9,4,3,3097,0
9,4,4,0,0
9,4,5,0,0
9,4,6,0,0
9,4,7,3085,0
9,4,8,0,0
9,4,9,0,0
9,4,10,0,0
9,4,11,0,0
9,4,12,0,0
9,4,13,0,0
9,4,14,0,0
9,4,15,3088,384431
9,5,0,3137,0
9,5,1,3162,0
9,5,2,0,0
9,5,3,3097,0
9,5,4,0,0
9,5,5,0,0
9,5,6,0,0
9,5,7,3085,0
9,5,8,0,0
9,5,9,0,0
9,5,10,0,0
9,5,11,0,0
9,5,12,0,0
9,5,13,0,0
9,5,14,0,0
9,5,15,3088,0
9,5,16,0,0
9,5,17,0,0
9,5,18,0,0
9,5,19,0,0
9,5,20,0,0
9,5,21,0,0
9,5,22,0,0
9,5,23,0,0
9,5,24,0,0
9,5,25,0,0
9,5,26,0,0
9,5,27,0,0
9,5,28,0,0
9,5,29,0,0
9,5,30,0,0
9,5,31,3106,381325
10,0,0,396870,3130
10,1,0,393738,3132
10,1,1,0,3130
10,2,0,390604,3134
10,2,1,0,0
10,2,2,0,3132
10,2,3,0,3130
10,3,0,387434,3170
10,3,1,0,0
10,3,2,0,0
10,3,3,0,0
10,3,4,0,3134
10,3,5,0,0
10,3,6,0,3132
10,3,7,0,3130
10,4,0,384241,3193
10,4,1,0,0
10,4,2,0,0
10,4,3,0,0
10,4,4,0,0
10,4,5,0,0
10,4,6,0,0
10,4,7,0,0
10,4,8,0,3170
10,4,9,0,0
10,4,10,0,0
10,4,11,0,0
10,4,12,0,3134
10,4,13,0,0
10,4,14,0,3132
10,4,15,0,3130
10,5,0,381142,3099
10,5,1,0,0
10,5,2,0,0
10,5,3,0,0
10,5,4,0,0
10,5,5,0,0
10,5,6,0,0
10,5,7,0,0
10,5,8,0,0
10,5,9,0,0
10,5,10,0,0
10,5,11,0,0
10,5,12,0,0
10,5,13,0,0
10,5,14,0,0
10,5,15,0,0
10,5,16,0,3193
10,5,17,0,0
10,5,18,0,0
10,5,19,0,0
10,5,20,0,0
10,5,21,0,0
10,5,22,0,0
10,5,23,0,0
10,5,24,0,3170
10,5,25,0,0
10,5,26,0,0
10,5,27,0,0
10,5,28,0,3134
10,5,29,0,0
10,5,30,0,3132
10,5,31,0,3130
11,0,0,3137,396863
11,1,0,3137,0
11,1,1,3162,393701
11,2,0,3137,0
11,2,1,3162,0
11,2,2,0,0
11,2,3,3097,390604
11,3,0,3137,0
11,3,1,3162,0
11,3,2,0,0
11,3,3,3097,0
11,3,4,0,0
11,3,5,0,0
11,3,6,0,0
11,3,7,3085,387519
11,4,0,3137,0
11,4,1,3162,0
11,4,2,0,0
11,4,3,3097,0
11,4,4,0,0
11,4,5,0,0
11,4,6,0,0
11,4,7,3085,0
11,4,8,0,0
11,4,9,0,0
11,4,10,0,0
11,4,11,0,0
11,4,12,0,0
11,4,13,0,0
11,4,14,0,0
11,4,15,3088,384431
11,5,0,3137,0
11,5,1,3162,0
11,5,2,0,0
11,5,3,3097,0
11,5,4,0,0
11,5,5,0,0
11,5,6,0,0
11,5,7,3085,0
11,5,8,0,0
11,5,9,0,0
11,5,10,0,0
11,5,11,0,0
11,5,12,0,0
11,5,13,0,0
11,5,14,0,0
11,5,15,3088,0
11,5,16,0,0
11,5,17,0,0
11,5,18,0,0
11,5,19,0,0
11,5,20,0,0
11,5,21,0,0
11,5,22,0,0
11,5,23,0,0
11,5,24,0,0
11,5,25,0,0
11,5,26,0,0
11,5,27,0,0
11,5,28,0,0
11,5,29,0,0
11,5,30,0,0
11,5,31,3106,381325
12,0,0,396870,3130
12,1,0,393738,3132
12,1,1,0,3130
12,2,0,390604,3134
12,2,1,0,0
12,2,2,0,3132
12,2,3,0,3130
12,3,0,387434,3170
12,3,1,0,0
12,3,2,0,0
12,3,3,0,0
12,3,4,0,3134
12,3,5,0,0
12,3,6,0,3132
12,3,7,0,3130
12,4,0,384241,3193
12,4,1,0,0
12,4,2,0,0
12,4,3,0,0
12,4,4,0,0
12,4,5,0,0
12,4,6,0,0
12,4,7,0,0
12,4,8,0,3170
12,4,9,0,0
12,4,10,0,0
12,4,11,0,0
12,4,12,0,3134
12,4,13,0,0
12,4,14,0,3132
12,4,15,0,3130
12,5,0,381142,3099
12,5,1,0,0
12,5,2,0,0
12,5,3,0,0
12,5,4,0,0
12,5,5,0,0
12,5,6,0,0
12,5,7,0,0
12,5,8,0,0
12,5,9,0,0
12,5,10,0,0
12,5,11,0,0
12,5,12,0,0
12,5,13,0,0
12,5,14,0,0
12,5,15,0,0
12,5,16,0,3193
12,5,17,0,0
12,5,18,0,0
12,5,19,0,0
12,5,20,0,0
12,5,21,0,0
12,5,22,0,0
12,5,23,0,0
12,5,24,0,3170
12,5,25,0,0
12,5,26,0,0
12,5,27,0,0
12,5,28,0,3134
12,5,29,0,0
12,5,30,0,3132
12,5,31,0,3130
13,0,0,3137,396863
13,1,0,3137,0
13,1,1,3162,393701
13,2,0,3137,0
13,2,1,3162,0
13,2,2,0,0
13,2,3,3097,390604
13,3,0,3137,0
13,3,1,3162,0
13,3,2,0,0
13,3,3,3097,0
13,3,4,0,0
13,3,5,0,0
13,3,6,0,0
13,3,7,3085,387519
13,4,0,3137,0
13,4,1,3162,0
13,4,2,0,0
13,4,3,3097,0
13,4,4,0,0
13,4,5,0,0
13,4,6,0,0
13,4,7,3085,0
13,4,8,0,0
13,4,9,0,0
13,4,10,0,0
13,4,11,0,0
13,4,12,0,0
13,4,13,0,0
13,4,14,0,0
13,4,15,3088,384431
13,5,0,3137,0
13,5,1,3162,0
13,5,2,0,0
13,5,3,3097,0
13,5,4,0,0
13,5,5,0,0
13,5,6,0,0
13,5,7,3085,0
13,5,8,0,0
13,5,9,0,0
13,5,10,0,0
13,5,11,0,0
13,5,12,0,0
13,5,13,0,0
13,5,14,0,0
13,5,15,3088,0
13,5,16,0,0
13,5,17,0,0
13,5,18,0,0
13,5,19,0,0
13,5,20,0,0
13,5,21,0,0
13,5,22,0,0
13,5,23,0,0
13,5,24,0,0
13,5,25,0,0
13,5,26,0,0
13,5,27,0,0
13,5,28,0,0
13,5,29,0,0
13,5,30,0,0
13,5,31,3106,381325
14,0,0,396870,3130
14,1,0,393738,3132
14,1,1,0,3130
14,2,0,390604,3134
14,2,1,0,0
14,2,2,0,3132
14,2,3,0,3130
14,3,0,387434,3170
14,3,1,0,0
14,3,2,0,0
14,3,3,0,0
14,3,4,0,3134
14,3,5,0,0
14,3,6,0,3132
14,3,7,0,3130
14,4,0,384241,3193
14,4,1,0,0
14,4,2,0,0
14,4,3,0,0
14,4,4,0,0
14,4,5,0,0
14,4,6,0,0
14,4,7,0,0
14,4,8,0,3170
14,4,9,0,0
14,4,10,0,0
14,4,11,0,0
14,4,12,0,3134
14,4,13,0,0
14,4,14,0,3132
14,4,15,0,3130
14,5,0,381142,3099
14,5,1,0,0
14,5,2,0,0
14,5,3,0,0
14,5,4,0,0
14,5,5,0,0
14,5,6,0,0
14,5,7,0,0
14,5,8,0,0
14,5,9,0,0
14,5,10,0,0
14,5,11,0,0
14,5,12,0,0
14,5,13,0,0
14,5,14,0,0
14,5,15,0,0
14,5,16,0,3193
14,5,17,0,0
14,5,18,0,0
14,5,19,0,0
14,5,20,0,0
14,5,21,0,0
14,5,22,0,0
14,5,23,0,0
14,5,24,0,3170
14,5,25,0,0
14,5,26,0,0
14,5,27,0,0
14,5,28,0,3134
14,5,29,0,0
14,5,30,0,3132
14,5,31,0,3130
15,0,0,3137,396863
15,1,0,3137,0
15,1,1,3162,393701
15,2,0,3137,0
15,2,1,3162,0
15,2,2,0,0
15,2,3,3097,390604
15,3,0,3137,0
15,3,1,3162,0
15,3,2,0,0
15,3,3,3097,0
15,3,4,0,0
15,3,5,0,0
15,3,6,0,0
15,3,7,3085,387519
15,4,0,3137,0
15,4,1,3162,0
15,4,2,0,0
15,4,3,3097,0
15,4,4,0,0
15,4,5,0,0
15,4,6,0,0
15,4,7,3085,0
15,4,8,0,0
15,4,9,0,0
15,4,10,0,0
15,4,11,0,0
15,4,12,0,0
15,4,13,0,0
15,4,14,0,0
15,4,15,9319,378200
15,5,0,3137,0
15,5,1,3162,0
15,5,2,0,0
15,5,3,3097,0
15,5,4,0,0
15,5,5,0,0
15,5,6,0,0
15,5,7,3085,0
15,5,8,0,0
15,5,9,0,0
15,5,10,0,0
15,5,11,0,0
15,5,12,0,0
15,5,13,0,0
15,5,14,0,0
15,5,15,9319,0
15,5,16,0,0
15,5,17,0,0
15,5,18,0,0
15,5,19,0,0
15,5,20,0,0
15,5,21,0,0
15,5,22,0,0
15,5,23,0,0
15,5,24,0,0
15,5,25,0,0
15,5,26,0,0
15,5,27,0,0
15,5,28,0,0
15,5,29,0,0
15,5,30,0,0
15,5,31,3179,375021
16,0,0,396870,3130
16,1,0,393738,3132
16,1,1,0,3130
16,2,0,390604,3134
16,2,1,0,0
16,2,2,0,3132
16,2,3,0,3130
16,3,0,387434,3170
16,3,1,0,0
16,3,2,0,0
16,3,3,0,0
16,3,4,0,3134
16,3,5,0,0
16,3,6,0,3132
16,3,7,0,3130
16,4,0,377949,9485
16,4,1,0,0
16,4,2,0,0
16,4,3,0,0
16,4,4,0,0
16,4,5,0,0
16,4,6,0,0
16,4,7,0,0
16,4,8,0,3170
16,4,9,0,0
16,4,10,0,0
16,4,11,0,0
16,4,12,0,3134
16,4,13,0,0
16,4,14,0,3132
16,4,15,0,3130
16,5,0,374764,3185
16,5,1,0,0
16,5,2,0,0
16,5,3,0,0
16,5,4,0,0
16,5,5,0,0
16,5,6,0,0
16,5,7,0,0
16,5,8,0,0
16,5,9,0,0
16,5,10,0,0
16,5,11,0,0
16,5,12,0,0
16,5,13,0,0
16,5,14,0,0
16,5,15,0,0
16,5,16,0,9485
16,5,17,0,0
16,5,18,0,0
16,5,19,0,0
16,5,20,0,0
16,5,21,0,0
16,5,22,0,0
16,5,23,0,0
16,5,24,0,3170
16,5,25,0,0
16,5,26,0,0
16,5,27,0,0
16,5,28,0,3134
16,5,29,0,0
16,5,30,0,3132
16,5,31,0,3130
17,0,0,396870,3130
17,1,0,393738,3132
17,1,1,0,3130
17,2,0,390604,3134
17,2,1,0,0
17,2,2,0,3132
17,2,3,0,3130
17,3,0,387434,3170
17,3,1,0,0
17,3,2,0,0
17,3,3,0,0
17,3,4,0,3134
17,3,5,0,0
17,3,6,0,3132
17,3,7,0,3130
17,4,0,377949,9485
17,4,1,0,0
17,4,2,0,0
17,4,3,0,0
17,4,4,0,0
17,4,5,0,0
17,4,6,0,0
17,4,7,0,0
17,4,8,0,3170
17,4,9,0,0
17,4,10,0,0
17,4,11,0,0
17,4,12,0,3134
17,4,13,0,0
17,4,14,0,3132
17,4,15,0,3130
17,5,0,374764,3185
17,5,1,0,0
17,5,2,0,0
17,5,3,0,0
17,5,4,0,0
17,5,5,0,0
17,5,6,0,0
17,5,7,0,0
17,5,8,0,0
17,5,9,0,0
17,5,10,0,0
17,5,11,0,0
17,5,12,0,0
17,5,13,0,0
17,5,14,0,0
17,5,15,0,0
17,5,16,0,9485
17,5,17,0,0
17,5,18,0,0
17,5,19,0,0
17,5,20,0,0
17,5,21,0,0
17,5,22,0,0
17,5,23,0,0
17,5,24,0,3170
17,5,25,0,0
17,5,26,0,0
17,5,27,0,0
17,5,28,0,3134
17,5,29,0,0
17,5,30,0,3132
17,5,31,0,3130
18,0,0,3137,396863
18,1,0,3137,0
18,1,1,3162,393701
18,2,0,3137,0
18,2,1,3162,0
18,2,2,0,0
18,2,3,3097,390604
18,3,0,3137,0
18,3,1,3162,0
18,3,2,0,0
18,3,3,3097,0
18,3,4,0,0
18,3,5,0,0
18,3,6,0,0
18,3,7,3085,387519
18,4,0,3137,0
18,4,1,3162,0
18,4,2,0,0
18,4,3,3097,0
18,4,4,0,0
18,4,5,0,0
18,4,6,0,0
18,4,7,3085,0
18,4,8,0,0
18,4,9,0,0
18,4,10,0,0
18,4,11,0,0
18,4,12,0,0
18,4,13,0,0
18,4,14,0,0
18,4,15,3088,384431
18,5,0,3137,0
18,5,1,3162,0
18,5,2,0,0
18,5,3,3097,0
18,5,4,0,0
18,5,5,0,0
18,5,6,0,0
18,5,7,3085,0
18,5,8,0,0
18,5,9,0,0
18,5,10,0,0
18,5,11,0,0
18,5,12,0,0
18,5,13,0,0
18,5,14,0,0
18,5,15,3088,0
18,5,16,0,0
18,5,17,0,0
18,5,18,0,0
18,5,19,0,0
18,5,20,0,0
18,5,21,0,0
18,5,22,0,0
18,5,23,0,0
18,5,24,0,0
18,5,25,0,0
18,5,26,0,0
18,5,27,0,0
18,5,28,0,0
18,5,29,0,0
18,5,30,0,0
18,5,31,3106,381325
19,0,0,3137,396863
19,1,0,3137,0
19,1,1,3162,393701
19,2,0,3137,0
19,2,1,3162,0
19,2,2,0,0
19,2,3,3097,390604
19,3,0,3137,0
19,3,1,3162,0
19,3,2,0,0
19,3,3,3097,0
19,3,4,0,0
19,3,5,0,0
19,3,6,0,0
19,3,7,3085,387519
19,4,0,3137,0
19,4,1,3162,0
19,4,2,0,0
19,4,3,3097,0
19,4,4,0,0
19,4,5,0,0
19,4,6,0,0
19,4,7,3085,0
19,4,8,0,0
19,4,9,0,0
19,4,10,0,0
19,4,11,0,0
19,4,12,0,0
19,4,13,0,0
19,4,14,0,0
19,4,15,9319,378200
19,5,0,3137,0
19,5,1,3162,0
19,5,2,0,0
19,5,3,3097,0
19,5,4,0,0
19,5,5,0,0
19,5,6,0,0
19,5,7,3085,0
19,5,8,0,0
19,5,9,0,0
19,5,10,0,0
19,5,11,0,0
19,5,12,0,0
19,5,13,0,0
19,5,14,0,0
19,5,15,9319,0
19,5,16,0,0
19,5,17,0,0
19,5,18,0,0
19,5,19,0,0
19,5,20,0,0
19,5,21,0,0
19,5,22,0,0
19,5,23,0,0
19,5,24,0,0
19,5,25,0,0
19,5,26,0,0
19,5,27,0,0
19,5,28,0,0
19,5,29,0,0
19,5,30,0,0
19,5,31,3179,375021
20,0,0,396870,3130
20,1,0,393738,3132
20,1,1,0,3130
20,2,0,390604,3134
20,2,1,0,0
20,2,2,0,3132
20,2,3,0,3130
20,3,0,387434,3170
20,3,1,0,0
20,3,2,0,0
20,3,3,0,0
20,3,4,0,3134
20,3,5,0,0
20,3,6,0,3132
20,3,7,0,3130
20,4,0,384241,3193
20,4,1,0,0
20,4,2,0,0
20,4,3,0,0
20,4,4,0,0
20,4,5,0,0
20,4,6,0,0
20,4,7,0,0
20,4,8,0,3170
20,4,9,0,0
20,4,10,0,0
20,4,11,0,0
20,4,12,0,3134
20,4,13,0,0
20,4,14,0,3132
20,4,15,0,3130
20,5,0,381142,3099
20,5,1,0,0
20,5,2,0,0
20,5,3,0,0
20,5,4,0,0
20,5,5,0,0
20,5,6,0,0
20,5,7,0,0
20,5,8,0,0
20,5,9,0,0
20,5,10,0,0
20,5,11,0,0
20,5,12,0,0
20,5,13,0,0
20,5,14,0,0
20,5,15,0,0
20,5,16,0,3193
20,5,17,0,0
20,5,18,0,0
20,5,19,0,0
20,5,20,0,0
20,5,21,0,0
20,5,22,0,0
20,5,23,0,0
20,5,24,0,3170
20,5,25,0,0
20,5,26,0,0
20,5,27,0,0
20,5,28,0,3134
20,5,29,0,0
20,5,30,0,3132
20,5,31,0,3130
21,0,0,3137,396863
21,1,0,3137,0
21,1,1,3162,393701
21,2,0,3137,0
21,2,1,3162,0
21,2,2,0,0
21,2,3,3097,390604
21,3,0,3137,0
21,3,1,3162,0
21,3,2,0,0
21,3,3,3097,0
21,3,4,0,0
21,3,5,0,0
21,3,6,0,0
21,3,7,3085,387519
21,4,0,3137,0
21,4,1,3162,0
21,4,2,0,0
21,4,3,3097,0
21,4,4,0,0
21,4,5,0,0
21,4,6,0,0
21,4,7,3085,0
21,4,8,0,0
21,4,9,0,0
21,4,10,0,0
21,4,11,0,0
21,4,12,0,0
21,4,13,0,0
21,4,14,0,0
21,4,15,9319,378200
21,5,0,3137,0
21,5,1,3162,0
21,5,2,0,0
21,5,3,3097,0
21,5,4,0,0
21,5,5,0,0
21,5,6,0,0
21,5,7,3085,0
21,5,8,0,0
21,5,9,0,0
21,5,10,0,0
21,5,11,0,0
21,5,12,0,0
21,5,13,0,0
21,5,14,0,0
21,5,15,9319,0
21,5,16,0,0
21,5,17,0,0
21,5,18,0,0
21,5,19,0,0
21,5,20,0,0
21,5,21,0,0
21,5,22,0,0
21,5,23,0,0
21,5,24,0,0
21,5,25,0,0
21,5,26,0,0
21,5,27,0,0
21,5,28,0,0
21,5,29,0,0
21,5,30,0,0
21,5,31,3179,375021
22,0,0,396870,3130
22,1,0,393738,3132
22,1,1,0,3130
22,2,0,390604,3134
22,2,1,0,0
22,2,2,0,3132
22,2,3,0,3130
22,3,0,387434,3170
22,3,1,0,0
22,3,2,0,0
22,3,3,0,0
22,3,4,0,3134
22,3,5,0,0
22,3,6,0,3132
22,3,7,0,3130
22,4,0,377949,9485
22,4,1,0,0
22,4,2,0,0
22,4,3,0,0
22,4,4,0,0
22,4,5,0,0
22,4,6,0,0
22,4,7,0,0
22,4,8,0,3170
22,4,9,0,0
22,4,10,0,0
22,4,11,0,0
22,4,12,0,3134
22,4,13,0,0
22,4,14,0,3132
22,4,15,0,3130
22,5,0,374764,3185
22,5,1,0,0
22,5,2,0,0
22,5,3,0,0
22,5,4,0,0
22,5,5,0,0
22,5,6,0,0
22,5,7,0,0
22,5,8,0,0
22,5,9,0,0
22,5,10,0,0
22,5,11,0,0
22,5,12,0,0
22,5,13,0,0
22,5,14,0,0
22,5,15,0,0
22,5,16,0,9485
22,5,17,0,0
22,5,18,0,0
22,5,19,0,0
22,5,20,0,0
22,5,21,0,0
22,5,22,0,0
22,5,23,0,0
22,5,24,0,3170
22,5,25,0,0
22,5,26,0,0
22,5,27,0,0
22,5,28,0,3134
22,5,29,0,0
22,5,30,0,3132
22,5,31,0,3130
23,0,0,3137,396863
23,1,0,3137,0
23,1,1,3162,393701
23,2,0,3137,0
23,2,1,3162,0
23,2,2,0,0
23,2,3,3097,390604
23,3,0,3137,0
23,3,1,3162,0
23,3,2,0,0
23,3,3,3097,0
23,3,4,0,0
23,3,5,0,0
23,3,6,0,0
23,3,7,3085,387519
23,4,0,3137,0
23,4,1,3162,0
23,4,2,0,0
23,4,3,3097,0
23,4,4,0,0
23,4,5,0,0
23,4,6,0,0
23,4,7,3085,0
23,4,8,0,0
23,4,9,0,0
23,4,10,0,0
23,4,11,0,0
23,4,12,0,0
23,4,13,0,0
23,4,14,0,0
23,4,15,3088,384431
23,5,0,3137,0
23,5,1,3162,0
23,5,2,0,0
23,5,3,3097,0
23,5,4,0,0
23,5,5,0,0
23,5,6,0,0
23,5,7,3085,0
23,5,8,0,0
23,5,9,0,0
23,5,10,0,0
23,5,11,0,0
23,5,12,0,0
23,5,13,0,0
23,5,14,0,0
23,5,15,3088,0
23,5,16,0,0
23,5,17,0,0
23,5,18,0,0
23,5,19,0,0
23,5,20,0,0
23,5,21,0,0
23,5,22,0,0
23,5,23,0,0
23,5,24,0,0
23,5,25,0,0
23,5,26,0,0
23,5,27,0,0
23,5,28,0,0
23,5,29,0,0
23,5,30,0,0
23,5,31,3106,381325
24,0,0,28157,371843
24,1,0,28157,0
24,1,1,3071,368772
24,2,0,28157,0
24,2,1,3071,0
24,2,2,0,0
24,2,3,3089,365683
24,3,0,28157,0
24,3,1,3071,0
24,3,2,0,0
24,3,3,3089,0
24,3,4,0,0
24,3,5,0,0
24,3,6,0,0
24,3,7,3183,362500
24,4,0,28157,0
24,4,1,3071,0
24,4,2,0,0
24,4,3,3089,0
24,4,4,0,0
24,4,5,0,0
24,4,6,0,0
24,4,7,3183,0
24,4,8,0,0
24,4,9,0,0
24,4,10,0,0
24,4,11,0,0
24,4,12,0,0
24,4,13,0,0
24,4,14,0,0
24,4,15,3241,359259
24,5,0,28157,0
24,5,1,3071,0
24,5,2,0,0
24,5,3,3089,0
24,5,4,0,0
24,5,5,0,0
24,5,6,0,0
24,5,7,3183,0
24,5,8,0,0
24,5,9,0,0
24,5,10,0,0
24,5,11,0,0
24,5,12,0,0
24,5,13,0,0
24,5,14,0,0
24,5,15,3241,0
24,5,16,0,0
24,5,17,0,0
24,5,18,0,0
24,5,19,0,0
24,5,20,0,0
24,5,21,0,0
24,5,22,0,0
24,5,23,0,0
24,5,24,0,0
24,5,25,0,0
24,5,26,0,0
24,5,27,0,0
24,5,28,0,0
24,5,29,0,0
24,5,30,0,0
24,5,31,3206,356053
25,0,0,396870,3130
25,1,0,393738,3132
25,1,1,0,3130
25,2,0,371691,22047
25,2,1,0,0
25,2,2,0,3132
25,2,3,0,3130
25,3,0,368483,3208
25,3,1,0,0
25,3,2,0,0
25,3,3,0,0
25,3,4,0,22047
25,3,5,0,0
25,3,6,0,3132
25,3,7,0,3130
25,4,0,365325,3158
25,4,1,0,0
25,4,2,0,0
25,4,3,0,0
25,4,4,0,0
25,4,5,0,0
25,4,6,0,0
25,4,7,0,0
25,4,8,0,3208
25,4,9,0,0
25,4,10,0,0
25,4,11,0,0
25,4,12,0,22047
25,4,13,0,0
25,4,14,0,3132
25,4,15,0,3130
25,5,0,362233,3092
25,5,1,0,0
25,5,2,0,0
25,5,3,0,0
25,5,4,0,0
25,5,5,0,0
25,5,6,0,0
25,5,7,0,0
25,5,8,0,0
25,5,9,0,0
25,5,10,0,0
25,5,11,0,0
25,5,12,0,0
25,5,13,0,0
25,5,14,0,0
25,5,15,0,0
25,5,16,0,3158
25,5,17,0,0
25,5,18,0,0
25,5,19,0,0
25,5,20,0,0
25,5,21,0,0
25,5,22,0,0
25,5,23,0,0
25,5,24,0,3208
25,5,25,0,0
25,5,26,0,0
25,5,27,0,0
25,5,28,0,22047
25,5,29,0,0
25,5,30,0,3132
25,5,31,0,3130
26,0,0,396870,3130
26,1,0,393738,3132
26,1,1,0,3130
26,2,0,390604,3134
26,2,1,0,0
26,2,2,0,3132
26,2,3,0,3130
26,3,0,387434,3170
26,3,1,0,0
26,3,2,0,0
26,3,3,0,0
26,3,4,0,3134
26,3,5,0,0
26,3,6,0,3132
26,3,7,0,3130
26,4,0,384241,3193
26,4,1,0,0
26,4,2,0,0
26,4,3,0,0
26,4,4,0,0
26,4,5,0,0
26,4,6,0,0
26,4,7,0,0
26,4,8,0,3170
26,4,9,0,0
26,4,10,0,0
26,4,11,0,0
26,4,12,0,3134
26,4,13,0,0
26,4,14,0,3132
26,4,15,0,3130
26,5,0,381142,3099
26,5,1,0,0
26,5,2,0,0
26,5,3,0,0
26,5,4,0,0
26,5,5,0,0
26,5,6,0,0
26,5,7,0,0
26,5,8,0,0
26,5,9,0,0
26,5,10,0,0
26,5,11,0,0
26,5,12,0,0
26,5,13,0,0
26,5,14,0,0
26,5,15,0,0
26,5,16,0,3193
26,5,17,0,0
26,5,18,0,0
26,5,19,0,0
26,5,20,0,0
26,5,21,0,0
26,5,22,0,0
26,5,23,0,0
26,5,24,0,3170
26,5,25,0,0
26,5,26,0,0
26,5,27,0,0
26,5,28,0,3134
26,5,29,0,0
26,5,30,0,3132
26,5,31,0,3130
27,0,0,3137,396863
27,1,0,3137,0
27,1,1,3162,393701
27,2,0,3137,0
27,2,1,3162,0
27,2,2,0,0
27,2,3,3097,390604
27,3,0,3137,0
27,3,1,3162,0
27,3,2,0,0
27,3,3,3097,0
27,3,4,0,0
27,3,5,0,0
27,3,6,0,0
27,3,7,3085,387519
27,4,0,3137,0
27,4,1,3162,0
27,4,2,0,0
27,4,3,3097,0
27,4,4,0,0
27,4,5,0,0
27,4,6,0,0
27,4,7,3085,0
27,4,8,0,0
27,4,9,0,0
27,4,10,0,0
27,4,11,0,0
27,4,12,0,0
27,4,13,0,0
27,4,14,0,0
27,4,15,9319,378200
27,5,0,3137,0
27,5,1,3162,0
27,5,2,0,0
27,5,3,3097,0
27,5,4,0,0
27,5,5,0,0
27,5,6,0,0
27,5,7,3085,0
27,5,8,0,0
27,5,9,0,0
27,5,10,0,0
27,5,11,0,0
27,5,12,0,0
27,5,13,0,0
27,5,14,0,0
27,5,15,6194,3125
27,5,16,0,0
27,5,17,0,0
27,5,18,0,0
27,5,19,0,0
27,5,20,0,0
27,5,21,0,0
27,5,22,0,0
27,5,23,0,0
27,5,24,0,0
27,5,25,0,0
27,5,26,0,0
27,5,27,0,0
27,5,28,0,0
27,5,29,0,0
27,5,30,0,0
27,5,31,0,378200
28,0,0,371691,28309
28,1,0,368483,3208
28,1,1,0,28309
28,2,0,365325,3158
28,2,1,0,0
28,2,2,0,3208
28,2,3,0,28309
28,3,0,365325,0
28,3,1,0,0
28,3,2,0,0
28,3,3,0,0
28,3,4,3158,0
28,3,5,0,0
28,3,6,3208,0
28,3,7,3073,25236
28,4,0,362233,3092
28,4,1,0,0
28,4,2,0,0
28,4,3,0,0
28,4,4,0,3158
28,4,5,0,0
28,4,6,0,3208
28,4,7,0,3073
28,4,8,0,0
28,4,9,0,0
28,4,10,0,0
28,4,11,0,0
28,4,12,0,0
28,4,13,0,0
28,4,14,0,0
28,4,15,0,25236
28,5,0,359113,3120
28,5,1,0,0
28,5,2,0,0
28,5,3,0,0
28,5,4,0,0
28,5,5,0,0
28,5,6,0,0
28,5,7,0,0
28,5,8,0,0
28,5,9,0,0
28,5,10,0,0
28,5,11,0,0
28,5,12,0,0
28,5,13,0,0
28,5,14,0,0
28,5,15,0,0
28,5,16,0,3092
28,5,17,0,0
28,5,18,0,0
28,5,19,0,0
28,5,20,0,3158
28,5,21,0,0
28,5,22,0,3208
28,5,23,0,3073
28,5,24,0,0
28,5,25,0,0
28,5,26,0,0
28,5,27,0,0
28,5,28,0,0
28,5,29,0,0
28,5,30,0,0
28,5,31,0,25236
29,0,0,396870,3130
29,1,0,393738,3132
29,1,1,0,3130
29,2,0,377949,15789
29,2,1,0,0
29,2,2,0,3132
29,2,3,0,3130
29,3,0,377949,0
29,3,1,0,0
29,3,2,0,0
29,3,3,0,0
29,3,4,3193,12596
29,3,5,0,0
29,3,6,0,3132
29,3,7,0,3130
29,4,0,374764,3185
29,4,1,0,0
29,4,2,0,0
29,4,3,0,0
29,4,4,0,3193
29,4,5,0,0
29,4,6,0,0
29,4,7,0,0
29,4,8,0,0
29,4,9,0,0
29,4,10,0,0
29,4,11,0,0
29,4,12,0,12596
29,4,13,0,0
29,4,14,0,3132
29,4,15,0,3130
29,5,0,371691,3073
29,5,1,0,0
29,5,2,0,0
29,5,3,0,0
29,5,4,0,0
29,5,5,0,0
29,5,6,0,0
29,5,7,0,0
29,5,8,0,0
29,5,9,0,0
29,5,10,0,0
29,5,11,0,0
29,5,12,0,0
29,5,13,0,0
29,5,14,0,0
29,5,15,0,0
29,5,16,0,3185
29,5,17,0,0
29,5,18,0,0
29,5,19,0,0
29,5,20,0,3193
29,5,21,0,0
29,5,22,0,0
29,5,23,0,0
29,5,24,0,0
29,5,25,0,0
29,5,26,0,0
29,5,27,0,0
29,5,28,0,12596
29,5,29,0,0
29,5,30,0,3132
29,5,31,0,3130
30,0,0,3137,396863
30,1,0,3137,0
30,1,1,3162,393701
30,2,0,3137,0
30,2,1,3162,0
30,2,2,0,0
30,2,3,3097,390604
30,3,0,3137,0
30,3,1,3162,0
30,3,2,0,0
30,3,3,3097,0
30,3,4,0,0
30,3,5,0,0
30,3,6,0,0
30,3,7,3085,387519
30,4,0,3137,0
30,4,1,3162,0
30,4,2,0,0
30,4,3,3097,0
30,4,4,0,0
30,4,5,0,0
30,4,6,0,0
30,4,7,3085,0
30,4,8,0,0
30,4,9,0,0
30,4,10,0,0
30,4,11,0,0
30,4,12,0,0
30,4,13,0,0
30,4,14,0,0
30,4,15,3088,384431
30,5,0,3137,0
30,5,1,3162,0
30,5,2,0,0
30,5,3,3097,0
30,5,4,0,0
30,5,5,0,0
30,5,6,0,0
30,5,7,3085,0
30,5,8,0,0
30,5,9,0,0
30,5,10,0,0
30,5,11,0,0
30,5,12,0,0
30,5,13,0,0
30,5,14,0,0
30,5,15,3088,0
30,5,16,0,0
30,5,17,0,0
30,5,18,0,0
30,5,19,0,0
30,5,20,0,0
30,5,21,0,0
30,5,22,0,0
30,5,23,0,0
30,5,24,0,0
30,5,25,0,0
30,5,26,0,0
30,5,27,0,0
30,5,28,0,0
30,5,29,0,0
30,5,30,0,0
30,5,31,3106,381325
31,0,0,28157,371843
31,1,0,24979,3178
31,1,1,0,371843
31,2,0,24979,0
31,2,1,0,0
31,2,2,3178,0
31,2,3,3071,368772
31,3,0,24979,0
31,3,1,0,0
31,3,2,3178,0
31,3,3,3071,0
31,3,4,0,0
31,3,5,0,0
31,3,6,0,0
31,3,7,3089,365683
31,4,0,24979,0
31,4,1,0,0
31,4,2,3178,0
31,4,3,3071,0
31,4,4,0,0
31,4,5,0,0
31,4,6,0,0
31,4,7,3089,0
31,4,8,0,0
31,4,9,0,0
31,4,10,0,0
31,4,11,0,0
31,4,12,0,0
31,4,13,0,0
31,4,14,0,0
31,4,15,3183,362500
31,5,0,24979,0
31,5,1,0,0
31,5,2,3178,0
31,5,3,3071,0
31,5,4,0,0
31,5,5,0,0
31,5,6,0,0
31,5,7,3089,0
31,5,8,0,0
31,5,9,0,0
31,5,10,0,0
31,5,11,0,0
31,5,12,0,0
31,5,13,0,0
31,5,14,0,0
31,5,15,3183,0
31,5,16,0,0
31,5,17,0,0
31,5,18,0,0
31,5,19,0,0
31,5,20,0,0
31,5,21,0,0
31,5,22,0,0
31,5,23,0,0
31,5,24,0,0
31,5,25,0,0
31,5,26,0,0
31,5,27,0,0
31,5,28,0,0
31,5,29,0,0
31,5,30,0,0
31,5,31,3241,359259
32,0,0,396870,3130
32,1,0,393738,3132
32,1,1,0,3130
32,2,0,390604,3134
32,2,1,0,0
32,2,2,0,3132
32,2,3,0,3130
32,3,0,387434,3170
32,3,1,0,0
32,3,2,0,0
32,3,3,0,0
32,3,4,0,3134
32,3,5,0,0
32,3,6,0,3132
32,3,7,0,3130
32,4,0,384241,3193
32,4,1,0,0
32,4,2,0,0
32,4,3,0,0
32,4,4,0,0
32,4,5,0,0
32,4,6,0,0
32,4,7,0,0
32,4,8,0,3170
32,4,9,0,0
32,4,10,0,0
32,4,11,0,0
32,4,12,0,3134
32,4,13,0,0
32,4,14,0,3132
32,4,15,0,3130
32,5,0,381142,3099
32,5,1,0,0
32,5,2,0,0
32,5,3,0,0
32,5,4,0,0
32,5,5,0,0
32,5,6,0,0
32,5,7,0,0
32,5,8,0,0
32,5,9,0,0
32,5,10,0,0
32,5,11,0,0
32,5,12,0,0
32,5,13,0,0
32,5,14,0,0
32,5,15,0,0
32,5,16,0,3193
32,5,17,0,0
32,5,18,0,0
32,5,19,0,0
32,5,20,0,0
32,5,21,0,0
32,5,22,0,0
32,5,23,0,0
32,5,24,0,3170
32,5,25,0,0
32,5,26,0,0
32,5,27,0,0
32,5,28,0,3134
32,5,29,0,0
32,5,30,0,3132
32,5,31,0,3130
33,0,0,377949,22051
33,1,0,377949,0
33,1,1,3193,18858
33,2,0,374764,3185
33,2,1,0,3193
33,2,2,0,0
33,2,3,0,18858
33,3,0,371691,3073
33,3,1,0,0
33,3,2,0,0
33,3,3,0,0
33,3,4,0,3185
33,3,5,0,3193
33,3,6,0,0
33,3,7,0,18858
33,4,0,368483,3208
33,4,1,0,0
33,4,2,0,0
33,4,3,0,0
33,4,4,0,0
33,4,5,0,0
33,4,6,0,0
33,4,7,0,0
33,4,8,0,3073
33,4,9,0,0
33,4,10,0,0
33,4,11,0,0
33,4,12,0,3185
33,4,13,0,3193
33,4,14,0,0
33,4,15,0,18858
33,5,0,365325,3158
33,5,1,0,0
33,5,2,0,0
33,5,3,0,0
33,5,4,0,0
33,5,5,0,0
33,5,6,0,0
33,5,7,0,0
33,5,8,0,0
33,5,9,0,0
33,5,10,0,0
33,5,11,0,0
33,5,12,0,0
33,5,13,0,0
33,5,14,0,0
33,5,15,0,0
33,5,16,0,3208
33,5,17,0,0
33,5,18,0,0
33,5,19,0,0
33,5,20,0,0
33,5,21,0,0
33,5,22,0,0
33,5,23,0,0
33,5,24,0,3073
33,5,25,0,0
33,5,26,0,0
33,5,27,0,0
33,5,28,0,3185
33,5,29,0,3193
33,5,30,0,0
33,5,31,0,18858
34,0,0,3137,396863
34,1,0,3137,0
34,1,1,3162,393701
34,2,0,3137,0
34,2,1,3162,0
34,2,2,0,0
34,2,3,15501,378200
34,3,0,3137,0
34,3,1,3162,0
34,3,2,0,0
34,3,3,15501,0
34,3,4,0,0
34,3,5,0,0
34,3,6,0,0
34,3,7,3179,375021
34,4,0,3137,0
34,4,1,3162,0
34,4,2,0,0
34,4,3,15501,0
34,4,4,0,0
34,4,5,0,0
34,4,6,0,0
34,4,7,3179,0
34,4,8,0,0
34,4,9,0,0
34,4,10,0,0
34,4,11,0,0
34,4,12,0,0
34,4,13,0,0
34,4,14,0,0
34,4,15,3178,371843
34,5,0,3137,0
34,5,1,3162,0
34,5,2,0,0
34,5,3,15501,0
34,5,4,0,0
34,5,5,0,0
34,5,6,0,0
34,5,7,3179,0
34,5,8,0,0
34,5,9,0,0
34,5,10,0,0
34,5,11,0,0
34,5,12,0,0
34,5,13,0,0
34,5,14,0,0
34,5,15,3178,0
34,5,16,0,0
34,5,17,0,0
34,5,18,0,0
34,5,19,0,0
34,5,20,0,0
34,5,21,0,0
34,5,22,0,0
34,5,23,0,0
34,5,24,0,0
34,5,25,0,0
34,5,26,0,0
34,5,27,0,0
34,5,28,0,0
34,5,29,0,0
34,5,30,0,0
34,5,31,3071,368772
35,0,0,396870,3130
35,1,0,393738,3132
35,1,1,0,3130
35,2,0,390604,3134
35,2,1,0,0
35,2,2,0,3132
35,2,3,0,3130
35,3,0,387434,3170
35,3,1,0,0
35,3,2,0,0
35,3,3,0,0
35,3,4,0,3134
35,3,5,0,0
35,3,6,0,3132
35,3,7,0,3130
35,4,0,384241,3193
35,4,1,0,0
35,4,2,0,0
35,4,3,0,0
35,4,4,0,0
35,4,5,0,0
35,4,6,0,0
35,4,7,0,0
35,4,8,0,3170
35,4,9,0,0
35,4,10,0,0
35,4,11,0,0
35,4,12,0,3134
35,4,13,0,0
35,4,14,0,3132
35,4,15,0,3130
35,5,0,381142,3099
35,5,1,0,0
35,5,2,0,0
35,5,3,0,0
35,5,4,0,0
35,5,5,0,0
35,5,6,0,0
35,5,7,0,0
35,5,8,0,0
35,5,9,0,0
35,5,10,0,0
35,5,11,0,0
35,5,12,0,0
35,5,13,0,0
35,5,14,0,0
35,5,15,0,0
35,5,16,0,3193
35,5,17,0,0
35,5,18,0,0
35,5,19,0,0
35,5,20,0,0
35,5,21,0,0
35,5,22,0,0
35,5,23,0,0
35,5,24,0,3170
35,5,25,0,0
35,5,26,0,0
35,5,27,0,0
35,5,28,0,3134
35,5,29,0,0
35,5,30,0,3132
35,5,31,0,3130
36,0,0,377949,22051
36,1,0,377949,0
36,1,1,3193,18858
36,2,0,374764,3185
36,2,1,0,3193
36,2,2,0,0
36,2,3,0,18858
36,3,0,371691,3073
36,3,1,0,0
36,3,2,0,0
36,3,3,0,0
36,3,4,0,3185
36,3,5,0,3193
36,3,6,0,0
36,3,7,0,18858
36,4,0,368483,3208
36,4,1,0,0
36,4,2,0,0
36,4,3,0,0
36,4,4,0,0
36,4,5,0,0
36,4,6,0,0
36,4,7,0,0
36,4,8,0,3073
36,4,9,0,0
36,4,10,0,0
36,4,11,0,0
36,4,12,0,3185
36,4,13,0,3193
36,4,14,0,0
36,4,15,0,18858
36,5,0,365325,3158
36,5,1,0,0
36,5,2,0,0
36,5,3,0,0
36,5,4,0,0
36,5,5,0,0
36,5,6,0,0
36,5,7,0,0
36,5,8,0,0
36,5,9,0,0
36,5,10,0,0
36,5,11,0,0
36,5,12,0,0
36,5,13,0,0
36,5,14,0,0
36,5,15,0,0
36,5,16,0,3208
36,5,17,0,0
36,5,18,0,0
36,5,19,0,0
36,5,20,0,0
36,5,21,0,0
36,5,22,0,0
36,5,23,0,0
36,5,24,0,3073
36,5,25,0,0
36,5,26,0,0
36,5,27,0,0
36,5,28,0,3185
36,5,29,0,3193
36,5,30,0,0
36,5,31,0,18858
37,0,0,3137,396863
37,1,0,3137,0
37,1,1,3162,393701
37,2,0,3137,0
37,2,1,3162,0
37,2,2,0,0
37,2,3,3097,390604
37,3,0,3137,0
37,3,1,3162,0
37,3,2,0,0
37,3,3,3097,0
37,3,4,0,0
37,3,5,0,0
37,3,6,0,0
37,3,7,3085,387519
37,4,0,3137,0
37,4,1,3162,0
37,4,2,0,0
37,4,3,3097,0
37,4,4,0,0
37,4,5,0,0
37,4,6,0,0
37,4,7,3085,0
37,4,8,0,0
37,4,9,0,0
37,4,10,0,0
37,4,11,0,0
37,4,12,0,0
37,4,13,0,0
37,4,14,0,0
37,4,15,3088,384431
37,5,0,3137,0
37,5,1,3162,0
37,5,2,0,0
37,5,3,3097,0
37,5,4,0,0
37,5,5,0,0
37,5,6,0,0
37,5,7,3085,0
37,5,8,0,0
37,5,9,0,0
37,5,10,0,0
37,5,11,0,0
37,5,12,0,0
37,5,13,0,0
37,5,14,0,0
37,5,15,3088,0
37,5,16,0,0
37,5,17,0,0
37,5,18,0,0
37,5,19,0,0
37,5,20,0,0
37,5,21,0,0
37,5,22,0,0
37,5,23,0,0
37,5,24,0,0
37,5,25,0,0
37,5,26,0,0
37,5,27,0,0
37,5,28,0,0
37,5,29,0,0
37,5,30,0,0
37,5,31,3106,381325
38,0,0,21800,378200
38,1,0,18675,3125
38,1,1,0,378200
38,2,0,18675,0
38,2,1,0,0
38,2,2,3125,0
38,2,3,3179,375021
38,3,0,18675,0
38,3,1,0,0
38,3,2,3125,0
38,3,3,3179,0
38,3,4,0,0
38,3,5,0,0
38,3,6,0,0
38,3,7,3178,371843
38,4,0,18675,0
38,4,1,0,0
38,4,2,3125,0
38,4,3,3179,0
38,4,4,0,0
38,4,5,0,0
38,4,6,0,0
38,4,7,3178,0
38,4,8,0,0
38,4,9,0,0
38,4,10,0,0
38,4,11,0,0
38,4,12,0,0
38,4,13,0,0
38,4,14,0,0
38,4,15,3071,368772
38,5,0,18675,0
38,5,1,0,0
38,5,2,3125,0
38,5,3,3179,0
38,5,4,0,0
38,5,5,0,0
38,5,6,0,0
38,5,7,3178,0
38,5,8,0,0
38,5,9,0,0
38,5,10,0,0
38,5,11,0,0
38,5,12,0,0
38,5,13,0,0
38,5,14,0,0
38,5,15,3071,0
38,5,16,0,0
38,5,17,0,0
38,5,18,0,0
38,5,19,0,0
38,5,20,0,0
38,5,21,0,0
38,5,22,0,0
38,5,23,0,0
38,5,24,0,0
38,5,25,0,0
38,5,26,0,0
38,5,27,0,0
38,5,28,0,0
38,5,29,0,0
38,5,30,0,0
38,5,31,3089,365683
39,0,0,396870,3130
39,1,0,393738,3132
39,1,1,0,3130
39,2,0,390604,3134
39,2,1,0,0
39,2,2,0,3132
39,2,3,0,3130
39,3,0,387434,3170
39,3,1,0,0
39,3,2,0,0
39,3,3,0,0
39,3,4,0,3134
39,3,5,0,0
39,3,6,0,3132
39,3,7,0,3130
39,4,0,384241,3193
39,4,1,0,0
39,4,2,0,0
39,4,3,0,0
39,4,4,0,0
39,4,5,0,0
39,4,6,0,0
39,4,7,0,0
39,4,8,0,3170
39,4,9,0,0
39,4,10,0,0
39,4,11,0,0
39,4,12,0,3134
39,4,13,0,0
39,4,14,0,3132
39,4,15,0,3130
39,5,0,381142,3099
39,5,1,0,0
39,5,2,0,0
39,5,3,0,0
39,5,4,0,0
39,5,5,0,0
39,5,6,0,0
39,5,7,0,0
39,5,8,0,0
39,5,9,0,0
39,5,10,0,0
39,5,11,0,0
39,5,12,0,0
39,5,13,0,0
39,5,14,0,0
39,5,15,0,0
39,5,16,0,3193
39,5,17,0,0
39,5,18,0,0
39,5,19,0,0
39,5,20,0,0
39,5,21,0,0
39,5,22,0,0
39,5,23,0,0
39,5,24,0,3170
39,5,25,0,0
39,5,26,0,0
39,5,27,0,0
39,5,28,0,3134
39,5,29,0,0
39,5,30,0,3132
39,5,31,0,3130
40,0,0,377949,22051
40,1,0,377949,0
40,1,1,3193,18858
40,2,0,374764,3185
40,2,1,0,3193
40,2,2,0,0
40,2,3,0,18858
40,3,0,371691,3073
40,3,1,0,0
40,3,2,0,0
40,3,3,0,0
40,3,4,0,3185
40,3,5,0,3193
40,3,6,0,0
40,3,7,0,18858
40,4,0,368483,3208
40,4,1,0,0
40,4,2,0,0
40,4,3,0,0
40,4,4,0,0
40,4,5,0,0
40,4,6,0,0
40,4,7,0,0
40,4,8,0,3073
40,4,9,0,0
40,4,10,0,0
40,4,11,0,0
40,4,12,0,3185
40,4,13,0,3193
40,4,14,0,0
40,4,15,0,18858
40,5,0,365325,3158
40,5,1,0,0
40,5,2,0,0
40,5,3,0,0
40,5,4,0,0
40,5,5,0,0
40,5,6,0,0
40,5,7,0,0
40,5,8,0,0
40,5,9,0,0
40,5,10,0,0
40,5,11,0,0
40,5,12,0,0
40,5,13,0,0
40,5,14,0,0
40,5,15,0,0
40,5,16,0,3208
40,5,17,0,0
40,5,18,0,0
40,5,19,0,0
40,5,20,0,0
40,5,21,0,0
40,5,22,0,0
40,5,23,0,0
40,5,24,0,3073
40,5,25,0,0
40,5,26,0,0
40,5,27,0,0
40,5,28,0,3185
40,5,29,0,3193
40,5,30,0,0
40,5,31,0,18858
41,0,0,3137,396863
41,1,0,3137,0
41,1,1,3162,393701
41,2,0,3137,0
41,2,1,3162,0
41,2,2,0,0
41,2,3,3097,390604
41,3,0,3137,0
41,3,1,3162,0
41,3,2,0,0
41,3,3,3097,0
41,3,4,0,0
41,3,5,0,0
41,3,6,0,0
41,3,7,3085,387519
41,4,0,3137,0
41,4,1,3162,0
41,4,2,0,0
41,4,3,3097,0
41,4,4,0,0
41,4,5,0,0
41,4,6,0,0
41,4,7,3085,0
41,4,8,0,0
41,4,9,0,0
41,4,10,0,0
41,4,11,0,0
41,4,12,0,0
41,4,13,0,0
41,4,14,0,0
41,4,15,3088,384431
41,5,0,3137,0
41,5,1,3162,0
41,5,2,0,0
41,5,3,3097,0
41,5,4,0,0
41,5,5,0,0
41,5,6,0,0
41,5,7,3085,0
41,5,8,0,0
41,5,9,0,0
41,5,10,0,0
41,5,11,0,0
41,5,12,0,0
41,5,13,0,0
41,5,14,0,0
41,5,15,3088,0
41,5,16,0,0
41,5,17,0,0
41,5,18,0,0
41,5,19,0,0
41,5,20,0,0
41,5,21,0,0
41,5,22,0,0
41,5,23,0,0
41,5,24,0,0
41,5,25,0,0
41,5,26,0,0
41,5,27,0,0
41,5,28,0,0
41,5,29,0,0
41,5,30,0,0
41,5,31,3106,381325
42,0,0,21800,378200
42,1,0,18675,3125
42,1,1,0,378200
42,2,0,18675,0
42,2,1,0,0
42,2,2,3125,0
42,2,3,3179,375021
42,3,0,18675,0
42,3,1,0,0
42,3,2,3125,0
42,3,3,3179,0
42,3,4,0,0
42,3,5,0,0
42,3,6,0,0
42,3,7,3178,371843
42,4,0,18675,0
42,4,1,0,0
42,4,2,3125,0
42,4,3,3179,0
42,4,4,0,0
42,4,5,0,0
42,4,6,0,0
42,4,7,3178,0
42,4,8,0,0
42,4,9,0,0
42,4,10,0,0
42,4,11,0,0
42,4,12,0,0
42,4,13,0,0
42,4,14,0,0
42,4,15,3071,368772
42,5,0,18675,0
42,5,1,0,0
42,5,2,3125,0
42,5,3,3179,0
42,5,4,0,0
42,5,5,0,0
42,5,6,0,0
42,5,7,3178,0
42,5,8,0,0
42,5,9,0,0
42,5,10,0,0
42,5,11,0,0
42,5,12,0,0
42,5,13,0,0
42,5,14,0,0
42,5,15,3071,0
42,5,16,0,0
42,5,17,0,0
42,5,18,0,0
42,5,19,0,0
42,5,20,0,0
42,5,21,0,0
42,5,22,0,0
42,5,23,0,0
42,5,24,0,0
42,5,25,0,0
42,5,26,0,0
42,5,27,0,0
42,5,28,0,0
42,5,29,0,0
42,5,30,0,0
42,5,31,3089,365683
43,0,0,396870,3130
43,1,0,393738,3132
43,1,1,0,3130
43,2,0,390604,3134
43,2,1,0,0
43,2,2,0,3132
43,2,3,0,3130
43,3,0,387434,3170
43,3,1,0,0
43,3,2,0,0
43,3,3,0,0
43,3,4,0,3134
43,3,5,0,0
43,3,6,0,3132
43,3,7,0,3130
43,4,0,384241,3193
43,4,1,0,0
43,4,2,0,0
43,4,3,0,0
43,4,4,0,0
43,4,5,0,0
43,4,6,0,0
43,4,7,0,0
43,4,8,0,3170
43,4,9,0,0
43,4,10,0,0
43,4,11,0,0
43,4,12,0,3134
43,4,13,0,0
43,4,14,0,3132
43,4,15,0,3130
43,5,0,381142,3099
43,5,1,0,0
43,5,2,0,0
43,5,3,0,0
43,5,4,0,0
43,5,5,0,0
43,5,6,0,0
43,5,7,0,0
43,5,8,0,0
43,5,9,0,0
43,5,10,0,0
43,5,11,0,0
43,5,12,0,0
43,5,13,0,0
43,5,14,0,0
43,5,15,0,0
43,5,16,0,3193
43,5,17,0,0
43,5,18,0,0
43,5,19,0,0
43,5,20,0,0
43,5,21,0,0
43,5,22,0,0
43,5,23,0,0
43,5,24,0,3170
43,5,25,0,0
43,5,26,0,0
43,5,27,0,0
43,5,28,0,3134
43,5,29,0,0
43,5,30,0,3132
43,5,31,0,3130
44,0,0,377949,22051
44,1,0,377949,0
44,1,1,3193,18858
44,2,0,374764,3185
44,2,1,0,3193
44,2,2,0,0
44,2,3,0,18858
44,3,0,371691,3073
44,3,1,0,0
44,3,2,0,0
44,3,3,0,0
44,3,4,0,3185
44,3,5,0,3193
44,3,6,0,0
44,3,7,0,18858
44,4,0,368483,3208
44,4,1,0,0
44,4,2,0,0
44,4,3,0,0
44,4,4,0,0
44,4,5,0,0
44,4,6,0,0
44,4,7,0,0
44,4,8,0,3073
44,4,9,0,0
44,4,10,0,0
44,4,11,0,0
44,4,12,0,3185
44,4,13,0,3193
44,4,14,0,0
44,4,15,0,18858
44,5,0,365325,3158
44,5,1,0,0
44,5,2,0,0
44,5,3,0,0
44,5,4,0,0
44,5,5,0,0
44,5,6,0,0
44,5,7,0,0
44,5,8,0,0
44,5,9,0,0
44,5,10,0,0
44,5,11,0,0
44,5,12,0,0
44,5,13,0,0
44,5,14,0,0
44,5,15,0,0
44,5,16,0,3208
44,5,17,0,0
44,5,18,0,0
44,5,19,0,0
44,5,20,0,0
44,5,21,0,0
44,5,22,0,0
44,5,23,0,0
44,5,24,0,3073
44,5,25,0,0
44,5,26,0,0
44,5,27,0,0
44,5,28,0,3185
44,5,29,0,3193
44,5,30,0,0
44,5,31,0,18858
45,0,0,3137,396863
45,1,0,3137,0
45,1,1,3162,393701
45,2,0,3137,0
45,2,1,3162,0
45,2,2,0,0
45,2,3,3097,390604
45,3,0,3137,0
45,3,1,3162,0
45,3,2,0,0
45,3,3,3097,0
45,3,4,0,0
45,3,5,0,0
45,3,6,0,0
45,3,7,3085,387519
45,4,0,3137,0
45,4,1,3162,0
45,4,2,0,0
45,4,3,3097,0
45,4,4,0,0
45,4,5,0,0
45,4,6,0,0
45,4,7,3085,0
45,4,8,0,0
45,4,9,0,0
45,4,10,0,0
45,4,11,0,0
45,4,12,0,0
45,4,13,0,0
45,4,14,0,0
45,4,15,3088,384431
45,5,0,3137,0
45,5,1,3162,0
45,5,2,0,0
45,5,3,3097,0
45,5,4,0,0
45,5,5,0,0
45,5,6,0,0
45,5,7,3085,0
45,5,8,0,0
45,5,9,0,0
45,5,10,0,0
45,5,11,0,0
45,5,12,0,0
45,5,13,0,0
45,5,14,0,0
45,5,15,3088,0
45,5,16,0,0
45,5,17,0,0
45,5,18,0,0
45,5,19,0,0
45,5,20,0,0
45,5,21,0,0
45,5,22,0,0
45,5,23,0,0
45,5,24,0,0
45,5,25,0,0
45,5,26,0,0
45,5,27,0,0
45,5,28,0,0
45,5,29,0,0
45,5,30,0,0
45,5,31,3106,381325
46,0,0,21800,378200
46,1,0,18675,3125
46,1,1,0,378200
46,2,0,18675,0
46,2,1,0,0
46,2,2,3125,0
46,2,3,3179,375021
46,3,0,18675,0
46,3,1,0,0
46,3,2,3125,0
46,3,3,3179,0
46,3,4,0,0
46,3,5,0,0
46,3,6,0,0
46,3,7,3178,371843
46,4,0,18675,0
46,4,1,0,0
46,4,2,3125,0
46,4,3,3179,0
46,4,4,0,0
46,4,5,0,0
46,4,6,0,0
46,4,7,3178,0
46,4,8,0,0
46,4,9,0,0
46,4,10,0,0
46,4,11,0,0
46,4,12,0,0
46,4,13,0,0
46,4,14,0,0
46,4,15,3071,368772
46,5,0,18675,0
46,5,1,0,0
46,5,2,3125,0
46,5,3,3179,0
46,5,4,0,0
46,5,5,0,0
46,5,6,0,0
46,5,7,3178,0
46,5,8,0,0
46,5,9,0,0
46,5,10,0,0
46,5,11,0,0
46,5,12,0,0
46,5,13,0,0
46,5,14,0,0
46,5,15,3071,0
46,5,16,0,0
46,5,17,0,0
46,5,18,0,0
46,5,19,0,0
46,5,20,0,0
46,5,21,0,0
46,5,22,0,0
46,5,23,0,0
46,5,24,0,0
46,5,25,0,0
46,5,26,0,0
46,5,27,0,0
46,5,28,0,0
46,5,29,0,0
46,5,30,0,0
46,5,31,3089,365683
47,0,0,396870,3130
47,1,0,393738,3132
47,1,1,0,3130
47,2,0,390604,3134
47,2,1,0,0
47,2,2,0,3132
47,2,3,0,3130
47,3,0,387434,3170
47,3,1,0,0
47,3,2,0,0
47,3,3,0,0
47,3,4,0,3134
47,3,5,0,0
47,3,6,0,3132
47,3,7,0,3130
47,4,0,384241,3193
47,4,1,0,0
47,4,2,0,0
47,4,3,0,0
47,4,4,0,0
47,4,5,0,0
47,4,6,0,0
47,4,7,0,0
47,4,8,0,3170
47,4,9,0,0
47,4,10,0,0
47,4,11,0,0
47,4,12,0,3134
47,4,13,0,0
47,4,14,0,3132
47,4,15,0,3130
47,5,0,381142,3099
47,5,1,0,0
47,5,2,0,0
47,5,3,0,0
47,5,4,0,0
47,5,5,0,0
47,5,6,0,0
47,5,7,0,0
47,5,8,0,0
47,5,9,0,0
47,5,10,0,0
47,5,11,0,0
47,5,12,0,0
47,5,13,0,0
47,5,14,0,0
47,5,15,0,0
47,5,16,0,3193
47,5,17,0,0
47,5,18,0,0
47,5,19,0,0
47,5,20,0,0
47,5,21,0,0
47,5,22,0,0
47,5,23,0,0
47,5,24,0,3170
47,5,25,0,0
47,5,26,0,0
47,5,27,0,0
47,5,28,0,3134
47,5,29,0,0
47,5,30,0,3132
47,5,31,0,3130
48,0,0,377949,22051
48,1,0,374764,3185
48,1,1,0,22051
48,2,0,371691,3073
48,2,1,0,0
48,2,2,0,3185
48,2,3,0,22051
48,3,0,368483,3208
48,3,1,0,0
48,3,2,0,0
48,3,3,0,0
48,3,4,0,3073
48,3,5,0,0
48,3,6,0,3185
48,3,7,0,22051
48,4,0,365325,3158
48,4,1,0,0
48,4,2,0,0
48,4,3,0,0
48,4,4,0,0
48,4,5,0,0
48,4,6,0,0
48,4,7,0,0
48,4,8,0,3208
48,4,9,0,0
48,4,10,0,0
48,4,11,0,0
48,4,12,0,3073
48,4,13,0,0
48,4,14,0,3185
48,4,15,0,22051
48,5,0,362233,3092
48,5,1,0,0
48,5,2,0,0
48,5,3,0,0
48,5,4,0,0
48,5,5,0,0
48,5,6,0,0
48,5,7,0,0
48,5,8,0,0
48,5,9,0,0
48,5,10,0,0
48,5,11,0,0
48,5,12,0,0
48,5,13,0,0
48,5,14,0,0
48,5,15,0,0
48,5,16,0,3158
48,5,17,0,0
48,5,18,0,0
48,5,19,0,0
48,5,20,0,0
48,5,21,0,0
48,5,22,0,0
48,5,23,0,0
48,5,24,0,3208
48,5,25,0,0
48,5,26,0,0
48,5,27,0,0
48,5,28,0,3073
48,5,29,0,0
48,5,30,0,3185
48,5,31,0,22051
49,0,0,3137,396863
49,1,0,3137,0
49,1,1,3162,393701
49,2,0,3137,0
49,2,1,3162,0
49,2,2,0,0
49,2,3,3097,390604
49,3,0,3137,0
49,3,1,3162,0
49,3,2,0,0
49,3,3,3097,0
49,3,4,0,0
49,3,5,0,0
49,3,6,0,0
49,3,7,3085,387519
49,4,0,3137,0
49,4,1,3162,0
49,4,2,0,0
49,4,3,3097,0
49,4,4,0,0
49,4,5,0,0
49,4,6,0,0
49,4,7,3085,0
49,4,8,0,0
49,4,9,0,0
49,4,10,0,0
49,4,11,0,0
49,4,12,0,0
49,4,13,0,0
49,4,14,0,0
49,4,15,3088,384431
49,5,0,3137,0
49,5,1,3162,0
49,5,2,0,0
49,5,3,3097,0
49,5,4,0,0
49,5,5,0,0
49,5,6,0,0
49,5,7,3085,0
49,5,8,0,0
49,5,9,0,0
49,5,10,0,0
49,5,11,0,0
49,5,12,0,0
49,5,13,0,0
49,5,14,0,0
49,5,15,3088,0
49,5,16,0,0
49,5,17,0,0
49,5,18,0,0
49,5,19,0,0
49,5,20,0,0
49,5,21,0,0
49,5,22,0,0
49,5,23,0,0
49,5,24,0,0
49,5,25,0,0
49,5,26,0,0
49,5,27,0,0
49,5,28,0,0
49,5,29,0,0
49,5,30,0,0
49,5,31,3106,381325
50,0,0,21800,378200
50,1,0,21800,0
50,1,1,3179,375021
50,2,0,21800,0
50,2,1,3179,0
50,2,2,0,0
50,2,3,3178,371843
50,3,0,21800,0
50,3,1,3179,0
50,3,2,0,0
50,3,3,3178,0
50,3,4,0,0
50,3,5,0,0
50,3,6,0,0
50,3,7,3071,368772
50,4,0,21800,0
50,4,1,3179,0
50,4,2,0,0
50,4,3,3178,0
50,4,4,0,0
50,4,5,0,0
50,4,6,0,0
50,4,7,3071,0
50,4,8,0,0
50,4,9,0,0
50,4,10,0,0
50,4,11,0,0
50,4,12,0,0
50,4,13,0,0
50,4,14,0,0
50,4,15,3089,365683
50,5,0,21800,0
50,5,1,3179,0
50,5,2,0,0
50,5,3,3178,0
50,5,4,0,0
50,5,5,0,0
50,5,6,0,0
50,5,7,3071,0
50,5,8,0,0
50,5,9,0,0
50,5,10,0,0
50,5,11,0,0
50,5,12,0,0
50,5,13,0,0
50,5,14,0,0
50,5,15,3089,0
50,5,16,0,0
50,5,17,0,0
50,5,18,0,0
50,5,19,0,0
50,5,20,0,0
50,5,21,0,0
50,5,22,0,0
50,5,23,0,0
50,5,24,0,0
50,5,25,0,0
50,5,26,0,0
50,5,27,0,0
50,5,28,0,0
50,5,29,0,0
50,5,30,0,0
50,5,31,3183,362500
51,0,0,396870,3130
51,1,0,393738,3132
51,1,1,0,3130
51,2,0,390604,3134
51,2,1,0,0
51,2,2,0,3132
51,2,3,0,3130
51,3,0,387434,3170
51,3,1,0,0
51,3,2,0,0
51,3,3,0,0
51,3,4,0,3134
51,3,5,0,0
51,3,6,0,3132
51,3,7,0,3130
51,4,0,384241,3193
51,4,1,0,0
51,4,2,0,0
51,4,3,0,0
51,4,4,0,0
51,4,5,0,0
51,4,6,0,0
51,4,7,0,0
51,4,8,0,3170
51,4,9,0,0
51,4,10,0,0
51,4,11,0,0
51,4,12,0,3134
51,4,13,0,0
51,4,14,0,3132
51,4,15,0,3130
51,5,0,381142,3099
51,5,1,0,0
51,5,2,0,0
51,5,3,0,0
51,5,4,0,0
51,5,5,0,0
51,5,6,0,0
51,5,7,0,0
51,5,8,0,0
51,5,9,0,0
51,5,10,0,0
51,5,11,0,0
51,5,12,0,0
51,5,13,0,0
51,5,14,0,0
51,5,15,0,0
51,5,16,0,3193
51,5,17,0,0
51,5,18,0,0
51,5,19,0,0
51,5,20,0,0
51,5,21,0,0
51,5,22,0,0
51,5,23,0,0
51,5,24,0,3170
51,5,25,0,0
51,5,26,0,0
51,5,27,0,0
51,5,28,0,3134
51,5,29,0,0
51,5,30,0,3132
51,5,31,0,3130
52,0,0,377949,22051
52,1,0,377949,0
52,1,1,3193,18858
52,2,0,374764,3185
52,2,1,0,3193
52,2,2,0,0
52,2,3,0,18858
52,3,0,371691,3073
52,3,1,0,0
52,3,2,0,0
52,3,3,0,0
52,3,4,0,3185
52,3,5,0,3193
52,3,6,0,0
52,3,7,0,18858
52,4,0,368483,3208
52,4,1,0,0
52,4,2,0,0
52,4,3,0,0
52,4,4,0,0
52,4,5,0,0
52,4,6,0,0
52,4,7,0,0
52,4,8,0,3073
52,4,9,0,0
52,4,10,0,0
52,4,11,0,0
52,4,12,0,3185
52,4,13,0,3193
52,4,14,0,0
52,4,15,0,18858
52,5,0,365325,3158
52,5,1,0,0
52,5,2,0,0
52,5,3,0,0
52,5,4,0,0
52,5,5,0,0
52,5,6,0,0
52,5,7,0,0
52,5,8,0,0
52,5,9,0,0
52,5,10,0,0
52,5,11,0,0
52,5,12,0,0
52,5,13,0,0
52,5,14,0,0
52,5,15,0,0
52,5,16,0,3208
52,5,17,0,0
52,5,18,0,0
52,5,19,0,0
52,5,20,0,0
52,5,21,0,0
52,5,22,0,0
52,5,23,0,0
52,5,24,0,3073
52,5,25,0,0
52,5,26,0,0
52,5,27,0,0
52,5,28,0,3185
52,5,29,0,3193
52,5,30,0,0
52,5,31,0,18858
53,0,0,21800,378200
53,1,0,18675,3125
53,1,1,0,378200
53,2,0,18675,0
53,2,1,0,0
53,2,2,3125,0
53,2,3,3179,375021
53,3,0,18675,0
53,3,1,0,0
53,3,2,3125,0
53,3,3,3179,0
53,3,4,0,0
53,3,5,0,0
53,3,6,0,0
53,3,7,3178,371843
53,4,0,18675,0
53,4,1,0,0
53,4,2,3125,0
53,4,3,3179,0
53,4,4,0,0
53,4,5,0,0
53,4,6,0,0
53,4,7,3178,0
53,4,8,0,0
53,4,9,0,0
53,4,10,0,0
53,4,11,0,0
53,4,12,0,0
53,4,13,0,0
53,4,14,0,0
53,4,15,3071,368772
53,5,0,18675,0
53,5,1,0,0
53,5,2,3125,0
53,5,3,3179,0
53,5,4,0,0
53,5,5,0,0
53,5,6,0,0
53,5,7,3178,0
53,5,8,0,0
53,5,9,0,0
53,5,10,0,0
53,5,11,0,0
53,5,12,0,0
53,5,13,0,0
53,5,14,0,0
53,5,15,3071,0
53,5,16,0,0
53,5,17,0,0
53,5,18,0,0
53,5,19,0,0
53,5,20,0,0
53,5,21,0,0
53,5,22,0,0
53,5,23,0,0
53,5,24,0,0
53,5,25,0,0
53,5,26,0,0
53,5,27,0,0
53,5,28,0,0
53,5,29,0,0
53,5,30,0,0
53,5,31,3089,365683
54,0,0,3137,396863
54,1,0,3137,0
54,1,1,3162,393701
54,2,0,3137,0
54,2,1,3162,0
54,2,2,0,0
54,2,3,3097,390604
54,3,0,3137,0
54,3,1,3162,0
54,3,2,0,0
54,3,3,3097,0
54,3,4,0,0
54,3,5,0,0
54,3,6,0,0
54,3,7,3085,387519
54,4,0,3137,0
54,4,1,3162,0
54,4,2,0,0
54,4,3,3097,0
54,4,4,0,0
54,4,5,0,0
54,4,6,0,0
54,4,7,3085,0
54,4,8,0,0
54,4,9,0,0
54,4,10,0,0
54,4,11,0,0
54,4,12,0,0
54,4,13,0,0
54,4,14,0,0
54,4,15,3088,384431
54,5,0,3137,0
54,5,1,3162,0
54,5,2,0,0
54,5,3,3097,0
54,5,4,0,0
54,5,5,0,0
54,5,6,0,0
54,5,7,3085,0
54,5,8,0,0
54,5,9,0,0
54,5,10,0,0
54,5,11,0,0
54,5,12,0,0
54,5,13,0,0
54,5,14,0,0
54,5,15,3088,0
54,5,16,0,0
54,5,17,0,0
54,5,18,0,0
54,5,19,0,0
54,5,20,0,0
54,5,21,0,0
54,5,22,0,0
54,5,23,0,0
54,5,24,0,0
54,5,25,0,0
54,5,26,0,0
54,5,27,0,0
54,5,28,0,0
54,5,29,0,0
54,5,30,0,0
54,5,31,3106,381325
55,0,0,21800,378200
55,1,0,18675,3125
55,1,1,0,378200
55,2,0,18675,0
55,2,1,0,0
55,2,2,3125,0
55,2,3,3179,375021
55,3,0,18675,0
55,3,1,0,0
55,3,2,3125,0
55,3,3,3179,0
55,3,4,0,0
55,3,5,0,0
55,3,6,0,0
55,3,7,3178,371843
55,4,0,18675,0
55,4,1,0,0
55,4,2,3125,0
55,4,3,3179,0
55,4,4,0,0
55,4,5,0,0
55,4,6,0,0
55,4,7,3178,0
55,4,8,0,0
55,4,9,0,0
55,4,10,0,0
55,4,11,0,0
55,4,12,0,0
55,4,13,0,0
55,4,14,0,0
55,4,15,3071,368772
55,5,0,18675,0
55,5,1,0,0
55,5,2,3125,0
55,5,3,3179,0
55,5,4,0,0
55,5,5,0,0
55,5,6,0,0
55,5,7,3178,0
55,5,8,0,0
55,5,9,0,0
55,5,10,0,0
55,5,11,0,0
55,5,12,0,0
55,5,13,0,0
55,5,14,0,0
55,5,15,3071,0
55,5,16,0,0
55,5,17,0,0
55,5,18,0,0
55,5,19,0,0
55,5,20,0,0
55,5,21,0,0
55,5,22,0,0
55,5,23,0,0
55,5,24,0,0
55,5,25,0,0
55,5,26,0,0
55,5,27,0,0
55,5,28,0,0
55,5,29,0,0
55,5,30,0,0
55,5,31,3089,365683
56,0,0,377949,22051
56,1,0,377949,0
56,1,1,3193,18858
56,2,0,374764,3185
56,2,1,0,3193
56,2,2,0,0
56,2,3,0,18858
56,3,0,371691,3073
56,3,1,0,0
56,3,2,0,0
56,3,3,0,0
56,3,4,0,3185
56,3,5,0,3193
56,3,6,0,0
56,3,7,0,18858
56,4,0,368483,3208
56,4,1,0,0
56,4,2,0,0
56,4,3,0,0
56,4,4,0,0
56,4,5,0,0
56,4,6,0,0
56,4,7,0,0
56,4,8,0,3073
56,4,9,0,0
56,4,10,0,0
56,4,11,0,0
56,4,12,0,3185
56,4,13,0,3193
56,4,14,0,0
56,4,15,0,18858
56,5,0,365325,3158
56,5,1,0,0
56,5,2,0,0
56,5,3,0,0
56,5,4,0,0
56,5,5,0,0
56,5,6,0,0
56,5,7,0,0
56,5,8,0,0
56,5,9,0,0
56,5,10,0,0
56,5,11,0,0
56,5,12,0,0
56,5,13,0,0
56,5,14,0,0
56,5,15,0,0
56,5,16,0,3208
56,5,17,0,0
56,5,18,0,0
56,5,19,0,0
56,5,20,0,0
56,5,21,0,0
56,5,22,0,0
56,5,23,0,0
56,5,24,0,3073
56,5,25,0,0
56,5,26,0,0
56,5,27,0,0
56,5,28,0,3185
56,5,29,0,3193
56,5,30,0,0
56,5,31,0,18858
57,0,0,396870,3130
57,1,0,393738,3132
57,1,1,0,3130
57,2,0,390604,3134
57,2,1,0,0
57,2,2,0,3132
57,2,3,0,3130
57,3,0,387434,3170
57,3,1,0,0
57,3,2,0,0
57,3,3,0,0
57,3,4,0,3134
57,3,5,0,0
57,3,6,0,3132
57,3,7,0,3130
57,4,0,384241,3193
57,4,1,0,0
57,4,2,0,0
57,4,3,0,0
57,4,4,0,0
57,4,5,0,0
57,4,6,0,0
57,4,7,0,0
57,4,8,0,3170
57,4,9,0,0
57,4,10,0,0
57,4,11,0,0
57,4,12,0,3134
57,4,13,0,0
57,4,14,0,3132
57,4,15,0,3130
57,5,0,381142,3099
57,5,1,0,0
57,5,2,0,0
57,5,3,0,0
57,5,4,0,0
57,5,5,0,0
57,5,6,0,0
57,5,7,0,0
57,5,8,0,0
57,5,9,0,0
57,5,10,0,0
57,5,11,0,0
57,5,12,0,0
57,5,13,0,0
57,5,14,0,0
57,5,15,0,0
57,5,16,0,3193
57,5,17,0,0
57,5,18,0,0
57,5,19,0,0
57,5,20,0,0
57,5,21,0,0
57,5,22,0,0
57,5,23,0,0
57,5,24,0,3170
57,5,25,0,0
57,5,26,0,0
57,5,27,0,0
57,5,28,0,3134
57,5,29,0,0
57,5,30,0,3132
57,5,31,0,3130
58,0,0,3137,396863
58,1,0,3137,0
58,1,1,3162,393701
58,2,0,3137,0
58,2,1,3162,0
58,2,2,0,0
58,2,3,3097,390604
58,3,0,3137,0
58,3,1,3162,0
58,3,2,0,0
58,3,3,3097,0
58,3,4,0,0
58,3,5,0,0
58,3,6,0,0
58,3,7,3085,387519
58,4,0,3137,0
58,4,1,3162,0
58,4,2,0,0
58,4,3,3097,0
58,4,4,0,0
58,4,5,0,0
58,4,6,0,0
58,4,7,3085,0
58,4,8,0,0
58,4,9,0,0
58,4,10,0,0
58,4,11,0,0
58,4,12,0,0
58,4,13,0,0
58,4,14,0,0
58,4,15,3088,384431
58,5,0,3137,0
58,5,1,3162,0
58,5,2,0,0
58,5,3,3097,0
58,5,4,0,0
58,5,5,0,0
58,5,6,0,0
58,5,7,3085,0
58,5,8,0,0
58,5,9,0,0
58,5,10,0,0
58,5,11,0,0
58,5,12,0,0
58,5,13,0,0
58,5,14,0,0
58,5,15,3088,0
58,5,16,0,0
58,5,17,0,0
58,5,18,0,0
58,5,19,0,0
58,5,20,0,0
58,5,21,0,0
58,5,22,0,0
58,5,23,0,0
58,5,24,0,0
58,5,25,0,0
58,5,26,0,0
58,5,27,0,0
58,5,28,0,0
58,5,29,0,0
58,5,30,0,0
58,5,31,3106,381325
59,0,0,21800,378200
59,1,0,18675,3125
59,1,1,0,378200
59,2,0,18675,0
59,2,1,0,0
59,2,2,3125,0
59,2,3,3179,375021
59,3,0,18675,0
59,3,1,0,0
59,3,2,3125,0
59,3,3,3179,0
59,3,4,0,0
59,3,5,0,0
59,3,6,0,0
59,3,7,3178,371843
59,4,0,18675,0
59,4,1,0,0
59,4,2,3125,0
59,4,3,3179,0
59,4,4,0,0
59,4,5,0,0
59,4,6,0,0
59,4,7,3178,0
59,4,8,0,0
59,4,9,0,0
59,4,10,0,0
59,4,11,0,0
59,4,12,0,0
59,4,13,0,0
59,4,14,0,0
59,4,15,3071,368772
59,5,0,18675,0
59,5,1,0,0
59,5,2,3125,0
59,5,3,3179,0
59,5,4,0,0
59,5,5,0,0
59,5,6,0,0
59,5,7,3178,0
59,5,8,0,0
59,5,9,0,0
59,5,10,0,0
59,5,11,0,0
59,5,12,0,0
59,5,13,0,0
59,5,14,0,0
59,5,15,3071,0
59,5,16,0,0
59,5,17,0,0
59,5,18,0,0
59,5,19,0,0
59,5,20,0,0
59,5,21,0,0
59,5,22,0,0
59,5,23,0,0
59,5,24,0,0
59,5,25,0,0
59,5,26,0,0
59,5,27,0,0
59,5,28,0,0
59,5,29,0,0
59,5,30,0,0
59,5,31,3089,365683
60,0,0,377949,22051
60,1,0,377949,0
60,1,1,3193,18858
60,2,0,374764,3185
60,2,1,0,3193
60,2,2,0,0
60,2,3,0,18858
60,3,0,371691,3073
60,3,1,0,0
60,3,2,0,0
60,3,3,0,0
60,3,4,0,3185
60,3,5,0,3193
60,3,6,0,0
60,3,7,0,18858
60,4,0,368483,3208
60,4,1,0,0
60,4,2,0,0
60,4,3,0,0
60,4,4,0,0
60,4,5,0,0
60,4,6,0,0
60,4,7,0,0
60,4,8,0,3073
60,4,9,0,0
60,4,10,0,0
60,4,11,0,0
60,4,12,0,3185
60,4,13,0,3193
60,4,14,0,0
60,4,15,0,18858
60,5,0,365325,3158
60,5,1,0,0
60,5,2,0,0
60,5,3,0,0
60,5,4,0,0
60,5,5,0,0
60,5,6,0,0
60,5,7,0,0
60,5,8,0,0
60,5,9,0,0
60,5,10,0,0
60,5,11,0,0
60,5,12,0,0
60,5,13,0,0
60,5,14,0,0
60,5,15,0,0
60,5,16,0,3208
60,5,17,0,0
60,5,18,0,0
60,5,19,0,0
60,5,20,0,0
60,5,21,0,0
60,5,22,0,0
60,5,23,0,0
60,5,24,0,3073
60,5,25,0,0
60,5,26,0,0
60,5,27,0,0
60,5,28,0,3185
60,5,29,0,3193
60,5,30,0,0
60,5,31,0,18858
61,0,0,396870,3130
61,1,0,393738,3132
61,1,1,0,3130
61,2,0,390604,3134
61,2,1,0,0
61,2,2,0,3132
61,2,3,0,3130
61,3,0,387434,3170
61,3,1,0,0
61,3,2,0,0
61,3,3,0,0
61,3,4,0,3134
61,3,5,0,0
61,3,6,0,3132
61,3,7,0,3130
61,4,0,384241,3193
61,4,1,0,0
61,4,2,0,0
61,4,3,0,0
61,4,4,0,0
61,4,5,0,0
61,4,6,0,0
61,4,7,0,0
61,4,8,0,3170
61,4,9,0,0
61,4,10,0,0
61,4,11,0,0
61,4,12,0,3134
61,4,13,0,0
61,4,14,0,3132
61,4,15,0,3130
61,5,0,381142,3099
61,5,1,0,0
61,5,2,0,0
61,5,3,0,0
61,5,4,0,0
61,5,5,0,0
61,5,6,0,0
61,5,7,0,0
61,5,8,0,0
61,5,9,0,0
61,5,10,0,0
61,5,11,0,0
61,5,12,0,0
61,5,13,0,0
61,5,14,0,0
61,5,15,0,0
61,5,16,0,3193
61,5,17,0,0
61,5,18,0,0
61,5,19,0,0
61,5,20,0,0
61,5,21,0,0
61,5,22,0,0
61,5,23,0,0
61,5,24,0,3170
61,5,25,0,0
61,5,26,0,0
61,5,27,0,0
61,5,28,0,3134
61,5,29,0,0
61,5,30,0,3132
61,5,31,0,3130
62,0,0,3137,396863
62,1,0,3137,0
62,1,1,3162,393701
62,2,0,3137,0
62,2,1,3162,0
62,2,2,0,0
62,2,3,3097,390604
62,3,0,3137,0
62,3,1,3162,0
62,3,2,0,0
62,3,3,3097,0
62,3,4,0,0
62,3,5,0,0
62,3,6,0,0
62,3,7,3085,387519
62,4,0,3137,0
62,4,1,3162,0
62,4,2,0,0
62,4,3,3097,0
62,4,4,0,0
62,4,5,0,0
62,4,6,0,0
62,4,7,3085,0
62,4,8,0,0
62,4,9,0,0
62,4,10,0,0
62,4,11,0,0
62,4,12,0,0
62,4,13,0,0
62,4,14,0,0
62,4,15,3088,384431
62,5,0,3137,0
62,5,1,3162,0
62,5,2,0,0
62,5,3,3097,0
62,5,4,0,0
62,5,5,0,0
62,5,6,0,0
62,5,7,3085,0
62,5,8,0,0
62,5,9,0,0
62,5,10,0,0
62,5,11,0,0
62,5,12,0,0
62,5,13,0,0
62,5,14,0,0
62,5,15,3088,0
62,5,16,0,0
62,5,17,0,0
62,5,18,0,0
62,5,19,0,0
62,5,20,0,0
62,5,21,0,0
62,5,22,0,0
62,5,23,0,0
62,5,24,0,0
62,5,25,0,0
62,5,26,0,0
62,5,27,0,0
62,5,28,0,0
62,5,29,0,0
62,5,30,0,0
62,5,31,3106,381325
63,0,0,21800,378200
63,1,0,18675,3125
63,1,1,0,378200
63,2,0,18675,0
63,2,1,0,0
63,2,2,3125,0
63,2,3,3179,375021
63,3,0,18675,0
63,3,1,0,0
63,3,2,3125,0
63,3,3,3179,0
63,3,4,0,0
63,3,5,0,0
63,3,6,0,0
63,3,7,3178,371843
63,4,0,18675,0
63,4,1,0,0
63,4,2,3125,0
63,4,3,3179,0
63,4,4,0,0
63,4,5,0,0
63,4,6,0,0
63,4,7,3178,0
63,4,8,0,0
63,4,9,0,0
63,4,10,0,0
63,4,11,0,0
63,4,12,0,0
63,4,13,0,0
63,4,14,0,0
63,4,15,9343,362500
63,5,0,18675,0
63,5,1,0,0
63,5,2,3125,0
63,5,3,3179,0
63,5,4,0,0
63,5,5,0,0
63,5,6,0,0
63,5,7,3178,0
63,5,8,0,0
63,5,9,0,0
63,5,10,0,0
63,5,11,0,0
63,5,12,0,0
63,5,13,0,0
63,5,14,0,0
63,5,15,9343,0
63,5,16,0,0
63,5,17,0,0
63,5,18,0,0
63,5,19,0,0
63,5,20,0,0
63,5,21,0,0
63,5,22,0,0
63,5,23,0,0
63,5,24,0,0
63,5,25,0,0
63,5,26,0,0
63,5,27,0,0
63,5,28,0,0
63,5,29,0,0
63,5,30,0,0
63,5,31,3241,359259
64,0,0,377949,22051
64,1,0,377949,0
64,1,1,3193,18858
64,2,0,374764,3185
64,2,1,0,3193
64,2,2,0,0
64,2,3,0,18858
64,3,0,371691,3073
64,3,1,0,0
64,3,2,0,0
64,3,3,0,0
64,3,4,0,3185
64,3,5,0,3193
64,3,6,0,0
64,3,7,0,18858
64,4,0,362233,9458
64,4,1,0,0
64,4,2,0,0
64,4,3,0,0
64,4,4,0,0
64,4,5,0,0
64,4,6,0,0
64,4,7,0,0
64,4,8,0,3073
64,4,9,0,0
64,4,10,0,0
64,4,11,0,0
64,4,12,0,3185
64,4,13,0,3193
64,4,14,0,0
64,4,15,0,18858
64,5,0,359113,3120
64,5,1,0,0
64,5,2,0,0
64,5,3,0,0
64,5,4,0,0
64,5,5,0,0
64,5,6,0,0
64,5,7,0,0
64,5,8,0,0
64,5,9,0,0
64,5,10,0,0
64,5,11,0,0
64,5,12,0,0
64,5,13,0,0
64,5,14,0,0
64,5,15,0,0
64,5,16,0,9458
64,5,17,0,0
64,5,18,0,0
64,5,19,0,0
64,5,20,0,0
64,5,21,0,0
64,5,22,0,0
64,5,23,0,0
64,5,24,0,3073
64,5,25,0,0
64,5,26,0,0
64,5,27,0,0
64,5,28,0,3185
64,5,29,0,3193
64,5,30,0,0
64,5,31,0,18858
65,0,0,396870,3130
65,1,0,355931,40939
65,1,1,0,3130
65,2,0,352864,3067
65,2,1,0,0
65,2,2,0,40939
65,2,3,0,3130
65,3,0,349669,3195
65,3,1,0,0
65,3,2,0,0
65,3,3,0,0
65,3,4,0,3067
65,3,5,0,0
65,3,6,0,40939
65,3,7,0,3130
65,4,0,346462,3207
65,4,1,0,0
65,4,2,0,0
65,4,3,0,0
65,4,4,0,0
65,4,5,0,0
65,4,6,0,0
65,4,7,0,0
65,4,8,0,3195
65,4,9,0,0
65,4,10,0,0
65,4,11,0,0
65,4,12,0,3067
65,4,13,0,0
65,4,14,0,40939
65,4,15,0,3130
65,5,0,343346,3116
65,5,1,0,0
65,5,2,0,0
65,5,3,0,0
65,5,4,0,0
65,5,5,0,0
65,5,6,0,0
65,5,7,0,0
65,5,8,0,0
65,5,9,0,0
65,5,10,0,0
65,5,11,0,0
65,5,12,0,0
65,5,13,0,0
65,5,14,0,0
65,5,15,0,0
65,5,16,0,3207
65,5,17,0,0
65,5,18,0,0
65,5,19,0,0
65,5,20,0,0
65,5,21,0,0
65,5,22,0,0
65,5,23,0,0
65,5,24,0,3195
65,5,25,0,0
65,5,26,0,0
65,5,27,0,0
65,5,28,0,3067
65,5,29,0,0
65,5,30,0,40939
65,5,31,0,3130
66,0,0,359113,40887
66,1,0,355931,3182
66,1,1,0,40887
66,2,0,352864,3067
66,2,1,0,0
66,2,2,0,3182
66,2,3,0,40887
66,3,0,349669,3195
66,3,1,0,0
66,3,2,0,0
66,3,3,0,0
66,3,4,0,3067
66,3,5,0,0
66,3,6,0,3182
66,3,7,0,40887
66,4,0,346462,3207
66,4,1,0,0
66,4,2,0,0
66,4,3,0,0
66,4,4,0,0
66,4,5,0,0
66,4,6,0,0
66,4,7,0,0
66,4,8,0,3195
66,4,9,0,0
66,4,10,0,0
66,4,11,0,0
66,4,12,0,3067
66,4,13,0,0
66,4,14,0,3182
66,4,15,0,40887
66,5,0,343346,3116
66,5,1,0,0
66,5,2,0,0
66,5,3,0,0
66,5,4,0,0
66,5,5,0,0
66,5,6,0,0
66,5,7,0,0
66,5,8,0,0
66,5,9,0,0
66,5,10,0,0
66,5,11,0,0
66,5,12,0,0
66,5,13,0,0
66,5,14,0,0
66,5,15,0,0
66,5,16,0,3207
66,5,17,0,0
66,5,18,0,0
66,5,19,0,0
66,5,20,0,0
66,5,21,0,0
66,5,22,0,0
66,5,23,0,0
66,5,24,0,3195
66,5,25,0,0
66,5,26,0,0
66,5,27,0,0
66,5,28,0,3067
66,5,29,0,0
66,5,30,0,3182
66,5,31,0,40887
67,0,0,3137,396863
67,1,0,3137,0
67,1,1,3162,393701
67,2,0,3137,0
67,2,1,3162,0
67,2,2,0,0
67,2,3,3097,390604
67,3,0,3137,0
67,3,1,3162,0
67,3,2,0,0
67,3,3,3097,0
67,3,4,0,0
67,3,5,0,0
67,3,6,0,0
67,3,7,3085,387519
67,4,0,3137,0
67,4,1,3162,0
67,4,2,0,0
67,4,3,3097,0
67,4,4,0,0
67,4,5,0,0
67,4,6,0,0
67,4,7,3085,0
67,4,8,0,0
67,4,9,0,0
67,4,10,0,0
67,4,11,0,0
67,4,12,0,0
67,4,13,0,0
67,4,14,0,0
67,4,15,3088,384431
67,5,0,3137,0
67,5,1,3162,0
67,5,2,0,0
67,5,3,3097,0
67,5,4,0,0
67,5,5,0,0
67,5,6,0,0
67,5,7,3085,0
67,5,8,0,0
67,5,9,0,0
67,5,10,0,0
67,5,11,0,0
67,5,12,0,0
67,5,13,0,0
67,5,14,0,0
67,5,15,3088,0
67,5,16,0,0
67,5,17,0,0
67,5,18,0,0
67,5,19,0,0
67,5,20,0,0
67,5,21,0,0
67,5,22,0,0
67,5,23,0,0
67,5,24,0,0
67,5,25,0,0
67,5,26,0,0
67,5,27,0,0
67,5,28,0,0
67,5,29,0,0
67,5,30,0,0
67,5,31,3106,381325
68,0,0,21800,378200
68,1,0,18675,3125
68,1,1,0,378200
68,2,0,18675,0
68,2,1,0,0
68,2,2,3125,0
68,2,3,3179,375021
68,3,0,18675,0
68,3,1,0,0
68,3,2,3125,0
68,3,3,3179,0
68,3,4,0,0
68,3,5,0,0
68,3,6,0,0
68,3,7,3178,371843
68,4,0,18675,0
68,4,1,0,0
68,4,2,3125,0
68,4,3,3179,0
68,4,4,0,0
68,4,5,0,0
68,4,6,0,0
68,4,7,3178,0
68,4,8,0,0
68,4,9,0,0
68,4,10,0,0
68,4,11,0,0
68,4,12,0,0
68,4,13,0,0
68,4,14,0,0
68,4,15,3071,368772
68,5,0,18675,0
68,5,1,0,0
68,5,2,3125,0
68,5,3,3179,0
68,5,4,0,0
68,5,5,0,0
68,5,6,0,0
68,5,7,3178,0
68,5,8,0,0
68,5,9,0,0
68,5,10,0,0
68,5,11,0,0
68,5,12,0,0
68,5,13,0,0
68,5,14,0,0
68,5,15,3071,0
68,5,16,0,0
68,5,17,0,0
68,5,18,0,0
68,5,19,0,0
68,5,20,0,0
68,5,21,0,0
68,5,22,0,0
68,5,23,0,0
68,5,24,0,0
68,5,25,0,0
68,5,26,0,0
68,5,27,0,0
68,5,28,0,0
68,5,29,0,0
68,5,30,0,0
68,5,31,3089,365683
69,0,0,3137,396863
69,1,0,3137,0
69,1,1,40810,356053
69,2,0,3137,0
69,2,1,40810,0
69,2,2,0,0
69,2,3,3080,352973
69,3,0,3137,0
69,3,1,40810,0
69,3,2,0,0
69,3,3,3080,0
69,3,4,0,0
69,3,5,0,0
69,3,6,0,0
69,3,7,3180,349793
69,4,0,3137,0
69,4,1,40810,0
69,4,2,0,0
69,4,3,3080,0
69,4,4,0,0
69,4,5,0,0
69,4,6,0,0
69,4,7,3180,0
69,4,8,0,0
69,4,9,0,0
69,4,10,0,0
69,4,11,0,0
69,4,12,0,0
69,4,13,0,0
69,4,14,0,0
69,4,15,3188,346605
69,5,0,3137,0
69,5,1,40810,0
69,5,2,0,0
69,5,3,3080,0
69,5,4,0,0
69,5,5,0,0
69,5,6,0,0
69,5,7,3180,0
69,5,8,0,0
69,5,9,0,0
69,5,10,0,0
69,5,11,0,0
69,5,12,0,0
69,5,13,0,0
69,5,14,0,0
69,5,15,3188,0
69,5,16,0,0
69,5,17,0,0
69,5,18,0,0
69,5,19,0,0
69,5,20,0,0
69,5,21,0,0
69,5,22,0,0
69,5,23,0,0
69,5,24,0,0
69,5,25,0,0
69,5,26,0,0
69,5,27,0,0
69,5,28,0,0
69,5,29,0,0
69,5,30,0,0
69,5,31,3157,343448
70,0,0,34317,365683
70,1,0,34317,0
70,1,1,3183,362500
70,2,0,34317,0
70,2,1,3183,0
70,2,2,0,0
70,2,3,3241,359259
70,3,0,34317,0
70,3,1,3183,0
70,3,2,0,0
70,3,3,3241,0
70,3,4,0,0
70,3,5,0,0
70,3,6,0,0
70,3,7,3206,356053
70,4,0,34317,0
70,4,1,3183,0
70,4,2,0,0
70,4,3,3241,0
70,4,4,0,0
70,4,5,0,0
70,4,6,0,0
70,4,7,3206,0
70,4,8,0,0
70,4,9,0,0
70,4,10,0,0
70,4,11,0,0
70,4,12,0,0
70,4,13,0,0
70,4,14,0,0
70,4,15,3080,352973
70,5,0,34317,0
70,5,1,3183,0
70,5,2,0,0
70,5,3,3241,0
70,5,4,0,0
70,5,5,0,0
70,5,6,0,0
70,5,7,3206,0
70,5,8,0,0
70,5,9,0,0
70,5,10,0,0
70,5,11,0,0
70,5,12,0,0
70,5,13,0,0
70,5,14,0,0
70,5,15,3080,0
70,5,16,0,0
70,5,17,0,0
70,5,18,0,0
70,5,19,0,0
70,5,20,0,0
70,5,21,0,0
70,5,22,0,0
70,5,23,0,0
70,5,24,0,0
70,5,25,0,0
70,5,26,0,0
70,5,27,0,0
70,5,28,0,0
70,5,29,0,0
70,5,30,0,0
70,5,31,3180,349793
71,0,0,396870,3130
71,1,0,393738,3132
71,1,1,0,3130
71,2,0,390604,3134
71,2,1,0,0
71,2,2,0,3132
71,2,3,0,3130
71,3,0,387434,3170
71,3,1,0,0
71,3,2,0,0
71,3,3,0,0
71,3,4,0,3134
71,3,5,0,0
71,3,6,0,3132
71,3,7,0,3130
71,4,0,384241,3193
71,4,1,0,0
71,4,2,0,0
71,4,3,0,0
71,4,4,0,0
71,4,5,0,0
71,4,6,0,0
71,4,7,0,0
71,4,8,0,3170
71,4,9,0,0
71,4,10,0,0
71,4,11,0,0
71,4,12,0,3134
71,4,13,0,0
71,4,14,0,3132
71,4,15,0,3130
71,5,0,381142,3099
71,5,1,0,0
71,5,2,0,0
71,5,3,0,0
71,5,4,0,0
71,5,5,0,0
71,5,6,0,0
71,5,7,0,0
71,5,8,0,0
71,5,9,0,0
71,5,10,0,0
71,5,11,0,0
71,5,12,0,0
71,5,13,0,0
71,5,14,0,0
71,5,15,0,0
71,5,16,0,3193
71,5,17,0,0
71,5,18,0,0
71,5,19,0,0
71,5,20,0,0
71,5,21,0,0
71,5,22,0,0
71,5,23,0,0
71,5,24,0,3170
71,5,25,0,0
71,5,26,0,0
71,5,27,0,0
71,5,28,0,3134
71,5,29,0,0
71,5,30,0,3132
71,5,31,0,3130
72,0,0,377949,22051
72,1,0,377949,0
72,1,1,3193,18858
72,2,0,374764,3185
72,2,1,0,3193
72,2,2,0,0
72,2,3,0,18858
72,3,0,371691,3073
72,3,1,0,0
72,3,2,0,0
72,3,3,0,0
72,3,4,0,3185
72,3,5,0,3193
72,3,6,0,0
72,3,7,0,18858
72,4,0,368483,3208
72,4,1,0,0
72,4,2,0,0
72,4,3,0,0
72,4,4,0,0
72,4,5,0,0
72,4,6,0,0
72,4,7,0,0
72,4,8,0,3073
72,4,9,0,0
72,4,10,0,0
72,4,11,0,0
72,4,12,0,3185
72,4,13,0,3193
72,4,14,0,0
72,4,15,0,18858
72,5,0,365325,3158
72,5,1,0,0
72,5,2,0,0
72,5,3,0,0
72,5,4,0,0
72,5,5,0,0
72,5,6,0,0
72,5,7,0,0
72,5,8,0,0
72,5,9,0,0
72,5,10,0,0
72,5,11,0,0
72,5,12,0,0
72,5,13,0,0
72,5,14,0,0
72,5,15,0,0
72,5,16,0,3208
72,5,17,0,0
72,5,18,0,0
72,5,19,0,0
72,5,20,0,0
72,5,21,0,0
72,5,22,0,0
72,5,23,0,0
72,5,24,0,3073
72,5,25,0,0
72,5,26,0,0
72,5,27,0,0
72,5,28,0,3185
72,5,29,0,3193
72,5,30,0,0
72,5,31,0,18858
73,0,0,396870,3130
73,1,0,355931,40939
73,1,1,0,3130
73,2,0,355931,0
73,2,1,0,0
73,2,2,3182,37757
73,2,3,0,3130
73,3,0,355931,0
73,3,1,0,0
73,3,2,3182,0
73,3,3,0,0
73,3,4,0,0
73,3,5,0,0
73,3,6,3120,34637
73,3,7,0,3130
73,4,0,352864,3067
73,4,1,0,0
73,4,2,0,3182
73,4,3,0,0
73,4,4,0,0
73,4,5,0,0
73,4,6,0,3120
73,4,7,0,0
73,4,8,0,0
73,4,9,0,0
73,4,10,0,0
73,4,11,0,0
73,4,12,0,0
73,4,13,0,0
73,4,14,0,34637
73,4,15,0,3130
73,5,0,349669,3195
73,5,1,0,0
73,5,2,0,0
73,5,3,0,0
73,5,4,0,0
73,5,5,0,0
73,5,6,0,0
73,5,7,0,0
73,5,8,0,0
73,5,9,0,0
73,5,10,0,0
73,5,11,0,0
73,5,12,0,0
73,5,13,0,0
73,5,14,0,0
73,5,15,0,0
73,5,16,0,3067
73,5,17,0,0
73,5,18,0,3182
73,5,19,0,0
73,5,20,0,0
73,5,21,0,0
73,5,22,0,3120
73,5,23,0,0
73,5,24,0,0
73,5,25,0,0
73,5,26,0,0
73,5,27,0,0
73,5,28,0,0
73,5,29,0,0
73,5,30,0,34637
73,5,31,0,3130
74,0,0,377949,22051
74,1,0,377949,0
74,1,1,3193,18858
74,2,0,374764,3185
74,2,1,0,3193
74,2,2,0,0
74,2,3,0,18858
74,3,0,371691,3073
74,3,1,0,0
74,3,2,0,0
74,3,3,0,0
74,3,4,0,3185
74,3,5,0,3193
74,3,6,0,0
74,3,7,0,18858
74,4,0,362233,9458
74,4,1,0,0
74,4,2,0,0
74,4,3,0,0
74,4,4,0,0
74,4,5,0,0
74,4,6,0,0
74,4,7,0,0
74,4,8,0,3073
74,4,9,0,0
74,4,10,0,0
74,4,11,0,0
74,4,12,0,3185
74,4,13,0,3193
74,4,14,0,0
74,4,15,0,18858
74,5,0,359113,3120
74,5,1,0,0
74,5,2,0,0
74,5,3,0,0
74,5,4,0,0
74,5,5,0,0
74,5,6,0,0
74,5,7,0,0
74,5,8,0,0
74,5,9,0,0
74,5,10,0,0
74,5,11,0,0
74,5,12,0,0
74,5,13,0,0
74,5,14,0,0
74,5,15,0,0
74,5,16,0,9458
74,5,17,0,0
74,5,18,0,0
74,5,19,0,0
74,5,20,0,0
74,5,21,0,0
74,5,22,0,0
74,5,23,0,0
74,5,24,0,3073
74,5,25,0,0
74,5,26,0,0
74,5,27,0,0
74,5,28,0,3185
74,5,29,0,3193
74,5,30,0,0
74,5,31,0,18858
75,0,0,3137,396863
75,1,0,3137,0
75,1,1,3162,393701
75,2,0,3137,0
75,2,1,3162,0
75,2,2,0,0
75,2,3,3097,390604
75,3,0,3137,0
75,3,1,3162,0
75,3,2,0,0
75,3,3,3097,0
75,3,4,0,0
75,3,5,0,0
75,3,6,0,0
75,3,7,3085,387519
75,4,0,3137,0
75,4,1,3162,0
75,4,2,0,0
75,4,3,3097,0
75,4,4,0,0
75,4,5,0,0
75,4,6,0,0
75,4,7,3085,0
75,4,8,0,0
75,4,9,0,0
75,4,10,0,0
75,4,11,0,0
75,4,12,0,0
75,4,13,0,0
75,4,14,0,0
75,4,15,3088,384431
75,5,0,3137,0
75,5,1,3162,0
75,5,2,0,0
75,5,3,3097,0
75,5,4,0,0
75,5,5,0,0
75,5,6,0,0
75,5,7,3085,0
75,5,8,0,0
75,5,9,0,0
75,5,10,0,0
75,5,11,0,0
75,5,12,0,0
75,5,13,0,0
75,5,14,0,0
75,5,15,3088,0
75,5,16,0,0
75,5,17,0,0
75,5,18,0,0
75,5,19,0,0
75,5,20,0,0
75,5,21,0,0
75,5,22,0,0
75,5,23,0,0
75,5,24,0,0
75,5,25,0,0
75,5,26,0,0
75,5,27,0,0
75,5,28,0,0
75,5,29,0,0
75,5,30,0,0
75,5,31,3106,381325
76,0,0,21800,378200
76,1,0,18675,3125
76,1,1,0,378200
76,2,0,18675,0
76,2,1,0,0
76,2,2,3125,0
76,2,3,3179,375021
76,3,0,18675,0
76,3,1,0,0
76,3,2,3125,0
76,3,3,3179,0
76,3,4,0,0
76,3,5,0,0
76,3,6,0,0
76,3,7,3178,371843
76,4,0,18675,0
76,4,1,0,0
76,4,2,3125,0
76,4,3,3179,0
76,4,4,0,0
76,4,5,0,0
76,4,6,0,0
76,4,7,3178,0
76,4,8,0,0
76,4,9,0,0
76,4,10,0,0
76,4,11,0,0
76,4,12,0,0
76,4,13,0,0
76,4,14,0,0
76,4,15,3071,368772
76,5,0,18675,0
76,5,1,0,0
76,5,2,3125,0
76,5,3,3179,0
76,5,4,0,0
76,5,5,0,0
76,5,6,0,0
76,5,7,3178,0
76,5,8,0,0
76,5,9,0,0
76,5,10,0,0
76,5,11,0,0
76,5,12,0,0
76,5,13,0,0
76,5,14,0,0
76,5,15,3071,0
76,5,16,0,0
76,5,17,0,0
76,5,18,0,0
76,5,19,0,0
76,5,20,0,0
76,5,21,0,0
76,5,22,0,0
76,5,23,0,0
76,5,24,0,0
76,5,25,0,0
76,5,26,0,0
76,5,27,0,0
76,5,28,0,0
76,5,29,0,0
76,5,30,0,0
76,5,31,3089,365683
77,0,0,365325,34675
77,1,0,362233,3092
77,1,1,0,34675
77,2,0,359113,3120
77,2,1,0,0
77,2,2,0,3092
77,2,3,0,34675
77,3,0,355931,3182
77,3,1,0,0
77,3,2,0,0
77,3,3,0,0
77,3,4,0,3120
77,3,5,0,0
77,3,6,0,3092
77,3,7,0,34675
77,4,0,352864,3067
77,4,1,0,0
77,4,2,0,0
77,4,3,0,0
77,4,4,0,0
77,4,5,0,0
77,4,6,0,0
77,4,7,0,0
77,4,8,0,3182
77,4,9,0,0
77,4,10,0,0
77,4,11,0,0
77,4,12,0,3120
77,4,13,0,0
77,4,14,0,3092
77,4,15,0,34675
77,5,0,349669,3195
77,5,1,0,0
77,5,2,0,0
77,5,3,0,0
77,5,4,0,0
77,5,5,0,0
77,5,6,0,0
77,5,7,0,0
77,5,8,0,0
77,5,9,0,0
77,5,10,0,0
77,5,11,0,0
77,5,12,0,0
77,5,13,0,0
77,5,14,0,0
77,5,15,0,0
77,5,16,0,3067
77,5,17,0,0
77,5,18,0,0
77,5,19,0,0
77,5,20,0,0
77,5,21,0,0
77,5,22,0,0
77,5,23,0,0
77,5,24,0,3182
77,5,25,0,0
77,5,26,0,0
77,5,27,0,0
77,5,28,0,3120
77,5,29,0,0
77,5,30,0,3092
77,5,31,0,34675
78,0,0,340218,59782
78,1,0,340218,0
78,1,1,3128,56654
78,2,0,337132,3086
78,2,1,0,3128
78,2,2,0,0
78,2,3,0,56654
78,3,0,334007,3125
78,3,1,0,0
78,3,2,0,0
78,3,3,0,0
78,3,4,0,3086
78,3,5,0,3128
78,3,6,0,0
78,3,7,0,56654
78,4,0,330906,3101
78,4,1,0,0
78,4,2,0,0
78,4,3,0,0
78,4,4,0,0
78,4,5,0,0
78,4,6,0,0
78,4,7,0,0
78,4,8,0,3125
78,4,9,0,0
78,4,10,0,0
78,4,11,0,0
78,4,12,0,3086
78,4,13,0,3128
78,4,14,0,0
78,4,15,0,56654
78,5,0,327688,3218
78,5,1,0,0
78,5,2,0,0
78,5,3,0,0
78,5,4,0,0
78,5,5,0,0
78,5,6,0,0
78,5,7,0,0
78,5,8,0,0
78,5,9,0,0
78,5,10,0,0
78,5,11,0,0
78,5,12,0,0
78,5,13,0,0
78,5,14,0,0
78,5,15,0,0
78,5,16,0,3101
78,5,17,0,0
78,5,18,0,0
78,5,19,0,0
78,5,20,0,0
78,5,21,0,0
78,5,22,0,0
78,5,23,0,0
78,5,24,0,3125
78,5,25,0,0
78,5,26,0,0
78,5,27,0,0
78,5,28,0,3086
78,5,29,0,3128
78,5,30,0,0
78,5,31,0,56654
79,0,0,21800,378200
79,1,0,18675,3125
79,1,1,0,378200
79,2,0,18675,0
79,2,1,0,0
79,2,2,3125,0
79,2,3,3179,375021
79,3,0,18675,0
79,3,1,0,0
79,3,2,3125,0
79,3,3,3179,0
79,3,4,0,0
79,3,5,0,0
79,3,6,0,0
79,3,7,3178,371843
79,4,0,18675,0
79,4,1,0,0
79,4,2,3125,0
79,4,3,3179,0
79,4,4,0,0
79,4,5,0,0
79,4,6,0,0
79,4,7,3178,0
79,4,8,0,0
79,4,9,0,0
79,4,10,0,0
79,4,11,0,0
79,4,12,0,0
79,4,13,0,0
79,4,14,0,0
79,4,15,9343,362500
79,5,0,18675,0
79,5,1,0,0
79,5,2,3125,0
79,5,3,3179,0
79,5,4,0,0
79,5,5,0,0
79,5,6,0,0
79,5,7,3178,0
79,5,8,0,0
79,5,9,0,0
79,5,10,0,0
79,5,11,0,0
79,5,12,0,0
79,5,13,0,0
79,5,14,0,0
79,5,15,9343,0
79,5,16,0,0
79,5,17,0,0
79,5,18,0,0
79,5,19,0,0
79,5,20,0,0
79,5,21,0,0
79,5,22,0,0
79,5,23,0,0
79,5,24,0,0
79,5,25,0,0
79,5,26,0,0
79,5,27,0,0
79,5,28,0,0
79,5,29,0,0
79,5,30,0,0
79,5,31,3241,359259
80,0,0,34317,365683
80,1,0,34317,0
80,1,1,3183,362500
80,2,0,34317,0
80,2,1,3183,0
80,2,2,0,0
80,2,3,3241,359259
80,3,0,34317,0
80,3,1,3183,0
80,3,2,0,0
80,3,3,3241,0
80,3,4,0,0
80,3,5,0,0
80,3,6,0,0
80,3,7,3206,356053
80,4,0,34317,0
80,4,1,3183,0
80,4,2,0,0
80,4,3,3241,0
80,4,4,0,0
80,4,5,0,0
80,4,6,0,0
80,4,7,3206,0
80,4,8,0,0
80,4,9,0,0
80,4,10,0,0
80,4,11,0,0
80,4,12,0,0
80,4,13,0,0
80,4,14,0,0
80,4,15,3080,352973
80,5,0,34317,0
80,5,1,3183,0
80,5,2,0,0
80,5,3,3241,0
80,5,4,0,0
80,5,5,0,0
80,5,6,0,0
80,5,7,3206,0
80,5,8,0,0
80,5,9,0,0
80,5,10,0,0
80,5,11,0,0
80,5,12,0,0
80,5,13,0,0
80,5,14,0,0
80,5,15,3080,0
80,5,16,0,0
80,5,17,0,0
80,5,18,0,0
80,5,19,0,0
80,5,20,0,0
80,5,21,0,0
80,5,22,0,0
80,5,23,0,0
80,5,24,0,0
80,5,25,0,0
80,5,26,0,0
80,5,27,0,0
80,5,28,0,0
80,5,29,0,0
80,5,30,0,0
80,5,31,3180,349793
81,0,0,65937,334063
81,1,0,62727,3210
81,1,1,0,334063
81,2,0,62727,0
81,2,1,0,0
81,2,2,3210,0
81,2,3,3125,330938
81,3,0,62727,0
81,3,1,0,0
81,3,2,3210,0
81,3,3,3125,0
81,3,4,0,0
81,3,5,0,0
81,3,6,0,0
81,3,7,3105,327833
81,4,0,59678,3049
81,4,1,0,0
81,4,2,0,3210
81,4,3,0,3125
81,4,4,0,0
81,4,5,0,0
81,4,6,0,0
81,4,7,0,3105
81,4,8,0,0
81,4,9,0,0
81,4,10,0,0
81,4,11,0,0
81,4,12,0,0
81,4,13,0,0
81,4,14,0,0
81,4,15,0,327833
81,5,0,56552,3126
81,5,1,0,0
81,5,2,0,0
81,5,3,0,0
81,5,4,0,0
81,5,5,0,0
81,5,6,0,0
81,5,7,0,0
81,5,8,0,0
81,5,9,0,0
81,5,10,0,0
81,5,11,0,0
81,5,12,0,0
81,5,13,0,0
81,5,14,0,0
81,5,15,0,0
81,5,16,0,3049
81,5,17,0,0
81,5,18,0,3210
81,5,19,0,3125
81,5,20,0,0
81,5,21,0,0
81,5,22,0,0
81,5,23,0,3105
81,5,24,0,0
81,5,25,0,0
81,5,26,0,0
81,5,27,0,0
81,5,28,0,0
81,5,29,0,0
81,5,30,0,0
81,5,31,0,327833
82,0,0,3137,396863
82,1,0,3137,0
82,1,1,3162,393701
82,2,0,3137,0
82,2,1,3162,0
82,2,2,0,0
82,2,3,3097,390604
82,3,0,3137,0
82,3,1,3162,0
82,3,2,0,0
82,3,3,3097,0
82,3,4,0,0
82,3,5,0,0
82,3,6,0,0
82,3,7,3085,387519
82,4,0,3137,0
82,4,1,3162,0
82,4,2,0,0
82,4,3,3097,0
82,4,4,0,0
82,4,5,0,0
82,4,6,0,0
82,4,7,3085,0
82,4,8,0,0
82,4,9,0,0
82,4,10,0,0
82,4,11,0,0
82,4,12,0,0
82,4,13,0,0
82,4,14,0,0
82,4,15,3088,384431
82,5,0,3137,0
82,5,1,3162,0
82,5,2,0,0
82,5,3,3097,0
82,5,4,0,0
82,5,5,0,0
82,5,6,0,0
82,5,7,3085,0
82,5,8,0,0
82,5,9,0,0
82,5,10,0,0
82,5,11,0,0
82,5,12,0,0
82,5,13,0,0
82,5,14,0,0
82,5,15,3088,0
82,5,16,0,0
82,5,17,0,0
82,5,18,0,0
82,5,19,0,0
82,5,20,0,0
82,5,21,0,0
82,5,22,0,0
82,5,23,0,0
82,5,24,0,0
82,5,25,0,0
82,5,26,0,0
82,5,27,0,0
82,5,28,0,0
82,5,29,0,0
82,5,30,0,0
82,5,31,3106,381325
83,0,0,53395,346605
83,1,0,50207,3188
83,1,1,0,346605
83,2,0,50207,0
83,2,1,0,0
83,2,2,3188,0
83,2,3,3157,343448
83,3,0,50207,0
83,3,1,0,0
83,3,2,3188,0
83,3,3,3157,0
83,3,4,0,0
83,3,5,0,0
83,3,6,0,0
83,3,7,3126,340322
83,4,0,50207,0
83,4,1,0,0
83,4,2,3188,0
83,4,3,3157,0
83,4,4,0,0
83,4,5,0,0
83,4,6,0,0
83,4,7,3126,0
83,4,8,0,0
83,4,9,0,0
83,4,10,0,0
83,4,11,0,0
83,4,12,0,0
83,4,13,0,0
83,4,14,0,0
83,4,15,3049,337273
83,5,0,50207,0
83,5,1,0,0
83,5,2,3188,0
83,5,3,3157,0
83,5,4,0,0
83,5,5,0,0
83,5,6,0,0
83,5,7,3126,0
83,5,8,0,0
83,5,9,0,0
83,5,10,0,0
83,5,11,0,0
83,5,12,0,0
83,5,13,0,0
83,5,14,0,0
83,5,15,3049,0
83,5,16,0,0
83,5,17,0,0
83,5,18,0,0
83,5,19,0,0
83,5,20,0,0
83,5,21,0,0
83,5,22,0,0
83,5,23,0,0
83,5,24,0,0
83,5,25,0,0
83,5,26,0,0
83,5,27,0,0
83,5,28,0,0
83,5,29,0,0
83,5,30,0,0
83,5,31,3210,334063
84,0,0,34317,365683
84,1,0,34317,0
84,1,1,3183,362500
84,2,0,34317,0
84,2,1,3183,0
84,2,2,0,0
84,2,3,3241,359259
84,3,0,34317,0
84,3,1,3183,0
84,3,2,0,0
84,3,3,3241,0
84,3,4,0,0
84,3,5,0,0
84,3,6,0,0
84,3,7,3206,356053
84,4,0,34317,0
84,4,1,3183,0
84,4,2,0,0
84,4,3,3241,0
84,4,4,0,0
84,4,5,0,0
84,4,6,0,0
84,4,7,3206,0
84,4,8,0,0
84,4,9,0,0
84,4,10,0,0
84,4,11,0,0
84,4,12,0,0
84,4,13,0,0
84,4,14,0,0
84,4,15,3080,352973
84,5,0,34317,0
84,5,1,3183,0
84,5,2,0,0
84,5,3,3241,0
84,5,4,0,0
84,5,5,0,0
84,5,6,0,0
84,5,7,3206,0
84,5,8,0,0
84,5,9,0,0
84,5,10,0,0
84,5,11,0,0
84,5,12,0,0
84,5,13,0,0
84,5,14,0,0
84,5,15,3080,0
84,5,16,0,0
84,5,17,0,0
84,5,18,0,0
84,5,19,0,0
84,5,20,0,0
84,5,21,0,0
84,5,22,0,0
84,5,23,0,0
84,5,24,0,0
84,5,25,0,0
84,5,26,0,0
84,5,27,0,0
84,5,28,0,0
84,5,29,0,0
84,5,30,0,0
84,5,31,3180,349793
85,0,0,396870,3130
85,1,0,393738,3132
85,1,1,0,3130
85,2,0,390604,3134
85,2,1,0,0
85,2,2,0,3132
85,2,3,0,3130
85,3,0,387434,3170
85,3,1,0,0
85,3,2,0,0
85,3,3,0,0
85,3,4,0,3134
85,3,5,0,0
85,3,6,0,3132
85,3,7,0,3130
85,4,0,384241,3193
85,4,1,0,0
85,4,2,0,0
85,4,3,0,0
85,4,4,0,0
85,4,5,0,0
85,4,6,0,0
85,4,7,0,0
85,4,8,0,3170
85,4,9,0,0
85,4,10,0,0
85,4,11,0,0
85,4,12,0,3134
85,4,13,0,0
85,4,14,0,3132
85,4,15,0,3130
85,5,0,381142,3099
85,5,1,0,0
85,5,2,0,0
85,5,3,0,0
85,5,4,0,0
85,5,5,0,0
85,5,6,0,0
85,5,7,0,0
85,5,8,0,0
85,5,9,0,0
85,5,10,0,0
85,5,11,0,0
85,5,12,0,0
85,5,13,0,0
85,5,14,0,0
85,5,15,0,0
85,5,16,0,3193
85,5,17,0,0
85,5,18,0,0
85,5,19,0,0
85,5,20,0,0
85,5,21,0,0
85,5,22,0,0
85,5,23,0,0
85,5,24,0,3170
85,5,25,0,0
85,5,26,0,0
85,5,27,0,0
85,5,28,0,3134
85,5,29,0,0
85,5,30,0,3132
85,5,31,0,3130
86,0,0,377949,22051
86,1,0,377949,0
86,1,1,3193,18858
86,2,0,374764,3185
86,2,1,0,3193
86,2,2,0,0
86,2,3,0,18858
86,3,0,371691,3073
86,3,1,0,0
86,3,2,0,0
86,3,3,0,0
86,3,4,0,3185
86,3,5,0,3193
86,3,6,0,0
86,3,7,0,18858
86,4,0,368483,3208
86,4,1,0,0
86,4,2,0,0
86,4,3,0,0
86,4,4,0,0
86,4,5,0,0
86,4,6,0,0
86,4,7,0,0
86,4,8,0,3073
86,4,9,0,0
86,4,10,0,0
86,4,11,0,0
86,4,12,0,3185
86,4,13,0,3193
86,4,14,0,0
86,4,15,0,18858
86,5,0,365325,3158
86,5,1,0,0
86,5,2,0,0
86,5,3,0,0
86,5,4,0,0
86,5,5,0,0
86,5,6,0,0
86,5,7,0,0
86,5,8,0,0
86,5,9,0,0
86,5,10,0,0
86,5,11,0,0
86,5,12,0,0
86,5,13,0,0
86,5,14,0,0
86,5,15,0,0
86,5,16,0,3208
86,5,17,0,0
86,5,18,0,0
86,5,19,0,0
86,5,20,0,0
86,5,21,0,0
86,5,22,0,0
86,5,23,0,0
86,5,24,0,3073
86,5,25,0,0
86,5,26,0,0
86,5,27,0,0
86,5,28,0,3185
86,5,29,0,3193
86,5,30,0,0
86,5,31,0,18858
87,0,0,53395,346605
87,1,0,50207,3188
87,1,1,0,346605
87,2,0,50207,0
87,2,1,0,0
87,2,2,3188,0
87,2,3,3157,343448
87,3,0,50207,0
87,3,1,0,0
87,3,2,3188,0
87,3,3,3157,0
87,3,4,0,0
87,3,5,0,0
87,3,6,0,0
87,3,7,3126,340322
87,4,0,50207,0
87,4,1,0,0
87,4,2,3188,0
87,4,3,3157,0
87,4,4,0,0
87,4,5,0,0
87,4,6,0,0
87,4,7,3126,0
87,4,8,0,0
87,4,9,0,0
87,4,10,0,0
87,4,11,0,0
87,4,12,0,0
87,4,13,0,0
87,4,14,0,0
87,4,15,3049,337273
87,5,0,50207,0
87,5,1,0,0
87,5,2,3188,0
87,5,3,3157,0
87,5,4,0,0
87,5,5,0,0
87,5,6,0,0
87,5,7,3126,0
87,5,8,0,0
87,5,9,0,0
87,5,10,0,0
87,5,11,0,0
87,5,12,0,0
87,5,13,0,0
87,5,14,0,0
87,5,15,3049,0
87,5,16,0,0
87,5,17,0,0
87,5,18,0,0
87,5,19,0,0
87,5,20,0,0
87,5,21,0,0
87,5,22,0,0
87,5,23,0,0
87,5,24,0,0
87,5,25,0,0
87,5,26,0,0
87,5,27,0,0
87,5,28,0,0
87,5,29,0,0
87,5,30,0,0
87,5,31,3210,334063
88,0,0,34317,365683
88,1,0,34317,0
88,1,1,3183,362500
88,2,0,34317,0
88,2,1,3183,0
88,2,2,0,0
88,2,3,3241,359259
88,3,0,34317,0
88,3,1,3183,0
88,3,2,0,0
88,3,3,3241,0
88,3,4,0,0
88,3,5,0,0
88,3,6,0,0
88,3,7,3206,356053
88,4,0,34317,0
88,4,1,3183,0
88,4,2,0,0
88,4,3,3241,0
88,4,4,0,0
88,4,5,0,0
88,4,6,0,0
88,4,7,3206,0
88,4,8,0,0
88,4,9,0,0
88,4,10,0,0
88,4,11,0,0
88,4,12,0,0
88,4,13,0,0
88,4,14,0,0
88,4,15,3080,352973
88,5,0,34317,0
88,5,1,3183,0
88,5,2,0,0
88,5,3,3241,0
88,5,4,0,0
88,5,5,0,0
88,5,6,0,0
88,5,7,3206,0
88,5,8,0,0
88,5,9,0,0
88,5,10,0,0
88,5,11,0,0
88,5,12,0,0
88,5,13,0,0
88,5,14,0,0
88,5,15,3080,0
88,5,16,0,0
88,5,17,0,0
88,5,18,0,0
88,5,19,0,0
88,5,20,0,0
88,5,21,0,0
88,5,22,0,0
88,5,23,0,0
88,5,24,0,0
88,5,25,0,0
88,5,26,0,0
88,5,27,0,0
88,5,28,0,0
88,5,29,0,0
88,5,30,0,0
88,5,31,3180,349793
89,0,0,396870,3130
89,1,0,393738,3132
89,1,1,0,3130
89,2,0,390604,3134
89,2,1,0,0
89,2,2,0,3132
89,2,3,0,3130
89,3,0,387434,3170
89,3,1,0,0
89,3,2,0,0
89,3,3,0,0
89,3,4,0,3134
89,3,5,0,0
89,3,6,0,3132
89,3,7,0,3130
89,4,0,384241,3193
89,4,1,0,0
89,4,2,0,0
89,4,3,0,0
89,4,4,0,0
89,4,5,0,0
89,4,6,0,0
89,4,7,0,0
89,4,8,0,3170
89,4,9,0,0
89,4,10,0,0
89,4,11,0,0
89,4,12,0,3134
89,4,13,0,0
89,4,14,0,3132
89,4,15,0,3130
89,5,0,381142,3099
89,5,1,0,0
89,5,2,0,0
89,5,3,0,0
89,5,4,0,0
89,5,5,0,0
89,5,6,0,0
89,5,7,0,0
89,5,8,0,0
89,5,9,0,0
89,5,10,0,0
89,5,11,0,0
89,5,12,0,0
89,5,13,0,0
89,5,14,0,0
89,5,15,0,0
89,5,16,0,3193
89,5,17,0,0
89,5,18,0,0
89,5,19,0,0
89,5,20,0,0
89,5,21,0,0
89,5,22,0,0
89,5,23,0,0
89,5,24,0,3170
89,5,25,0,0
89,5,26,0,0
89,5,27,0,0
89,5,28,0,3134
89,5,29,0,0
89,5,30,0,3132
89,5,31,0,3130
90,0,0,377949,22051
90,1,0,377949,0
90,1,1,3193,18858
90,2,0,374764,3185
90,2,1,0,3193
90,2,2,0,0
90,2,3,0,18858
90,3,0,371691,3073
90,3,1,0,0
90,3,2,0,0
90,3,3,0,0
90,3,4,0,3185
90,3,5,0,3193
90,3,6,0,0
90,3,7,0,18858
90,4,0,368483,3208
90,4,1,0,0
90,4,2,0,0
90,4,3,0,0
90,4,4,0,0
90,4,5,0,0
90,4,6,0,0
90,4,7,0,0
90,4,8,0,3073
90,4,9,0,0
90,4,10,0,0
90,4,11,0,0
90,4,12,0,3185
90,4,13,0,3193
90,4,14,0,0
90,4,15,0,18858
90,5,0,365325,3158
90,5,1,0,0
90,5,2,0,0
90,5,3,0,0
90,5,4,0,0
90,5,5,0,0
90,5,6,0,0
90,5,7,0,0
90,5,8,0,0
90,5,9,0,0
90,5,10,0,0
90,5,11,0,0
90,5,12,0,0
90,5,13,0,0
90,5,14,0,0
90,5,15,0,0
90,5,16,0,3208
90,5,17,0,0
90,5,18,0,0
90,5,19,0,0
90,5,20,0,0
90,5,21,0,0
90,5,22,0,0
90,5,23,0,0
90,5,24,0,3073
90,5,25,0,0
90,5,26,0,0
90,5,27,0,0
90,5,28,0,3185
90,5,29,0,3193
90,5,30,0,0
90,5,31,0,18858
91,0,0,355931,44069
91,1,0,355931,0
91,1,1,3182,40887
91,2,0,352864,3067
91,2,1,0,3182
91,2,2,0,0
91,2,3,0,40887
91,3,0,349669,3195
91,3,1,0,0
91,3,2,0,0
91,3,3,0,0
91,3,4,0,3067
91,3,5,0,3182
91,3,6,0,0
91,3,7,0,40887
91,4,0,346462,3207
91,4,1,0,0
91,4,2,0,0
91,4,3,0,0
91,4,4,0,0
91,4,5,0,0
91,4,6,0,0
91,4,7,0,0
91,4,8,0,3195
91,4,9,0,0
91,4,10,0,0
91,4,11,0,0
91,4,12,0,3067
91,4,13,0,3182
91,4,14,0,0
91,4,15,0,40887
91,5,0,343346,3116
91,5,1,0,0
91,5,2,0,0
91,5,3,0,0
91,5,4,0,0
91,5,5,0,0
91,5,6,0,0
91,5,7,0,0
91,5,8,0,0
91,5,9,0,0
91,5,10,0,0
91,5,11,0,0
91,5,12,0,0
91,5,13,0,0
91,5,14,0,0
91,5,15,0,0
91,5,16,0,3207
91,5,17,0,0
91,5,18,0,0
91,5,19,0,0
91,5,20,0,0
91,5,21,0,0
91,5,22,0,0
91,5,23,0,0
91,5,24,0,3195
91,5,25,0,0
91,5,26,0,0
91,5,27,0,0
91,5,28,0,3067
91,5,29,0,3182
91,5,30,0,0
91,5,31,0,40887
92,0,0,53395,346605
92,1,0,53395,0
92,1,1,3157,343448
92,2,0,53395,0
92,2,1,3157,0
92,2,2,0,0
92,2,3,3126,340322
92,3,0,50207,3188
92,3,1,0,3157
92,3,2,0,0
92,3,3,0,3126
92,3,4,0,0
92,3,5,0,0
92,3,6,0,0
92,3,7,0,340322
92,4,0,50207,0
92,4,1,0,0
92,4,2,0,0
92,4,3,0,0
92,4,4,0,0
92,4,5,0,0
92,4,6,0,0
92,4,7,0,0
92,4,8,3188,0
92,4,9,3157,0
92,4,10,0,0
92,4,11,3126,0
92,4,12,0,0
92,4,13,0,0
92,4,14,0,0
92,4,15,3049,337273
92,5,0,50207,0
92,5,1,0,0
92,5,2,0,0
92,5,3,0,0
92,5,4,0,0
92,5,5,0,0
92,5,6,0,0
92,5,7,0,0
92,5,8,3188,0
92,5,9,3157,0
92,5,10,0,0
92,5,11,3126,0
92,5,12,0,0
92,5,13,0,0
92,5,14,0,0
92,5,15,3049,0
92,5,16,0,0
92,5,17,0,0
92,5,18,0,0
92,5,19,0,0
92,5,20,0,0
92,5,21,0,0
92,5,22,0,0
92,5,23,0,0
92,5,24,0,0
92,5,25,0,0
92,5,26,0,0
92,5,27,0,0
92,5,28,0,0
92,5,29,0,0
92,5,30,0,0
92,5,31,3210,334063
93,0,0,340218,59782
93,1,0,340218,0
93,1,1,3128,56654
93,2,0,337132,3086
93,2,1,0,3128
93,2,2,0,0
93,2,3,0,56654
93,3,0,334007,3125
93,3,1,0,0
93,3,2,0,0
93,3,3,0,0
93,3,4,0,3086
93,3,5,0,3128
93,3,6,0,0
93,3,7,0,56654
93,4,0,330906,3101
93,4,1,0,0
93,4,2,0,0
93,4,3,0,0
93,4,4,0,0
93,4,5,0,0
93,4,6,0,0
93,4,7,0,0
93,4,8,0,3125
93,4,9,0,0
93,4,10,0,0
93,4,11,0,0
93,4,12,0,3086
93,4,13,0,3128
93,4,14,0,0
93,4,15,0,56654
93,5,0,327688,3218
93,5,1,0,0
93,5,2,0,0
93,5,3,0,0
93,5,4,0,0
93,5,5,0,0
93,5,6,0,0
93,5,7,0,0
93,5,8,0,0
93,5,9,0,0
93,5,10,0,0
93,5,11,0,0
93,5,12,0,0
93,5,13,0,0
93,5,14,0,0
93,5,15,0,0
93,5,16,0,3101
93,5,17,0,0
93,5,18,0,0
93,5,19,0,0
93,5,20,0,0
93,5,21,0,0
93,5,22,0,0
93,5,23,0,0
93,5,24,0,3125
93,5,25,0,0
93,5,26,0,0
93,5,27,0,0
93,5,28,0,3086
93,5,29,0,3128
93,5,30,0,0
93,5,31,0,56654
94,0,0,3137,396863
94,1,0,3137,0
94,1,1,3162,393701
94,2,0,3137,0
94,2,1,3162,0
94,2,2,0,0
94,2,3,3097,390604
94,3,0,3137,0
94,3,1,3162,0
94,3,2,0,0
94,3,3,3097,0
94,3,4,0,0
94,3,5,0,0
94,3,6,0,0
94,3,7,3085,387519
94,4,0,3137,0
94,4,1,3162,0
94,4,2,0,0
94,4,3,3097,0
94,4,4,0,0
94,4,5,0,0
94,4,6,0,0
94,4,7,3085,0
94,4,8,0,0
94,4,9,0,0
94,4,10,0,0
94,4,11,0,0
94,4,12,0,0
94,4,13,0,0
94,4,14,0,0
94,4,15,3088,384431
94,5,0,3137,0
94,5,1,3162,0
94,5,2,0,0
94,5,3,3097,0
94,5,4,0,0
94,5,5,0,0
94,5,6,0,0
94,5,7,3085,0
94,5,8,0,0
94,5,9,0,0
94,5,10,0,0
94,5,11,0,0
94,5,12,0,0
94,5,13,0,0
94,5,14,0,0
94,5,15,3088,0
94,5,16,0,0
94,5,17,0,0
94,5,18,0,0
94,5,19,0,0
94,5,20,0,0
94,5,21,0,0
94,5,22,0,0
94,5,23,0,0
94,5,24,0,0
94,5,25,0,0
94,5,26,0,0
94,5,27,0,0
94,5,28,0,0
94,5,29,0,0
94,5,30,0,0
94,5,31,3106,381325
95,0,0,34317,365683
95,1,0,34317,0
95,1,1,3183,362500
95,2,0,34317,0
95,2,1,3183,0
95,2,2,0,0
95,2,3,3241,359259
95,3,0,34317,0
95,3,1,3183,0
95,3,2,0,0
95,3,3,3241,0
95,3,4,0,0
95,3,5,0,0
95,3,6,0,0
95,3,7,3206,356053
95,4,0,34317,0
95,4,1,3183,0
95,4,2,0,0
95,4,3,3241,0
95,4,4,0,0
95,4,5,0,0
95,4,6,0,0
95,4,7,3206,0
95,4,8,0,0
95,4,9,0,0
95,4,10,0,0
95,4,11,0,0
95,4,12,0,0
95,4,13,0,0
95,4,14,0,0
95,4,15,3080,352973
95,5,0,34317,0
95,5,1,3183,0
95,5,2,0,0
95,5,3,3241,0
95,5,4,0,0
95,5,5,0,0
95,5,6,0,0
95,5,7,3206,0
95,5,8,0,0
95,5,9,0,0
95,5,10,0,0
95,5,11,0,0
95,5,12,0,0
95,5,13,0,0
95,5,14,0,0
95,5,15,3080,0
95,5,16,0,0
95,5,17,0,0
95,5,18,0,0
95,5,19,0,0
95,5,20,0,0
95,5,21,0,0
95,5,22,0,0
95,5,23,0,0
95,5,24,0,0
95,5,25,0,0
95,5,26,0,0
95,5,27,0,0
95,5,28,0,0
95,5,29,0,0
95,5,30,0,0
95,5,31,3180,349793
96,0,0,53395,346605
96,1,0,53395,0
96,1,1,3157,343448
96,2,0,53395,0
96,2,1,3157,0
96,2,2,0,0
96,2,3,3126,340322
96,3,0,50207,3188
96,3,1,0,3157
96,3,2,0,0
96,3,3,0,3126
96,3,4,0,0
96,3,5,0,0
96,3,6,0,0
96,3,7,0,340322
96,4,0,50207,0
96,4,1,0,0
96,4,2,0,0
96,4,3,0,0
96,4,4,0,0
96,4,5,0,0
96,4,6,0,0
96,4,7,0,0
96,4,8,3188,0
96,4,9,3157,0
96,4,10,0,0
96,4,11,3126,0
96,4,12,0,0
96,4,13,0,0
96,4,14,0,0
96,4,15,3049,337273
96,5,0,50207,0
96,5,1,0,0
96,5,2,0,0
96,5,3,0,0
96,5,4,0,0
96,5,5,0,0
96,5,6,0,0
96,5,7,0,0
96,5,8,3188,0
96,5,9,3157,0
96,5,10,0,0
96,5,11,3126,0
96,5,12,0,0
96,5,13,0,0
96,5,14,0,0
96,5,15,3049,0
96,5,16,0,0
96,5,17,0,0
96,5,18,0,0
96,5,19,0,0
96,5,20,0,0
96,5,21,0,0
96,5,22,0,0
96,5,23,0,0
96,5,24,0,0
96,5,25,0,0
96,5,26,0,0
96,5,27,0,0
96,5,28,0,0
96,5,29,0,0
96,5,30,0,0
96,5,31,3210,334063
97,0,0,396870,3130
97,1,0,393738,3132
97,1,1,0,3130
97,2,0,390604,3134
97,2,1,0,0
97,2,2,0,3132
97,2,3,0,3130
97,3,0,387434,3170
97,3,1,0,0
97,3,2,0,0
97,3,3,0,0
97,3,4,0,3134
97,3,5,0,0
97,3,6,0,3132
97,3,7,0,3130
97,4,0,384241,3193
97,4,1,0,0
97,4,2,0,0
97,4,3,0,0
97,4,4,0,0
97,4,5,0,0
97,4,6,0,0
97,4,7,0,0
97,4,8,0,3170
97,4,9,0,0
97,4,10,0,0
97,4,11,0,0
97,4,12,0,3134
97,4,13,0,0
97,4,14,0,3132
97,4,15,0,3130
97,5,0,381142,3099
97,5,1,0,0
97,5,2,0,0
97,5,3,0,0
97,5,4,0,0
97,5,5,0,0
97,5,6,0,0
97,5,7,0,0
97,5,8,0,0
97,5,9,0,0
97,5,10,0,0
97,5,11,0,0
97,5,12,0,0
97,5,13,0,0
97,5,14,0,0
97,5,15,0,0
97,5,16,0,3193
97,5,17,0,0
97,5,18,0,0
97,5,19,0,0
97,5,20,0,0
97,5,21,0,0
97,5,22,0,0
97,5,23,0,0
97,5,24,0,3170
97,5,25,0,0
97,5,26,0,0
97,5,27,0,0
97,5,28,0,3134
97,5,29,0,0
97,5,30,0,3132
97,5,31,0,3130
98,0,0,377949,22051
98,1,0,377949,0
98,1,1,3193,18858
98,2,0,362233,15716
98,2,1,0,3193
98,2,2,0,0
98,2,3,0,18858
98,3,0,359113,3120
98,3,1,0,0
98,3,2,0,0
98,3,3,0,0
98,3,4,0,15716
98,3,5,0,3193
98,3,6,0,0
98,3,7,0,18858
98,4,0,355931,3182
98,4,1,0,0
98,4,2,0,0
98,4,3,0,0
98,4,4,0,0
98,4,5,0,0
98,4,6,0,0
98,4,7,0,0
98,4,8,0,3120
98,4,9,0,0
98,4,10,0,0
98,4,11,0,0
98,4,12,0,15716
98,4,13,0,3193
98,4,14,0,0
98,4,15,0,18858
98,5,0,352864,3067
98,5,1,0,0
98,5,2,0,0
98,5,3,0,0
98,5,4,0,0
98,5,5,0,0
98,5,6,0,0
98,5,7,0,0
98,5,8,0,0
98,5,9,0,0
98,5,10,0,0
98,5,11,0,0
98,5,12,0,0
98,5,13,0,0
98,5,14,0,0
98,5,15,0,0
98,5,16,0,3182
98,5,17,0,0
98,5,18,0,0
98,5,19,0,0
98,5,20,0,0
98,5,21,0,0
98,5,22,0,0
98,5,23,0,0
98,5,24,0,3120
98,5,25,0,0
98,5,26,0,0
98,5,27,0,0
98,5,28,0,15716
98,5,29,0,3193
98,5,30,0,0
98,5,31,0,18858
99,0,0,365325,34675
99,1,0,362233,3092
99,1,1,0,34675
99,2,0,359113,3120
99,2,1,0,0
99,2,2,0,3092
99,2,3,0,34675
99,3,0,355931,3182
99,3,1,0,0
99,3,2,0,0
99,3,3,0,0
99,3,4,0,3120
99,3,5,0,0
99,3,6,0,3092
99,3,7,0,34675
99,4,0,352864,3067
99,4,1,0,0
99,4,2,0,0
99,4,3,0,0
99,4,4,0,0
99,4,5,0,0
99,4,6,0,0
99,4,7,0,0
99,4,8,0,3182
99,4,9,0,0
99,4,10,0,0
99,4,11,0,0
99,4,12,0,3120
99,4,13,0,0
99,4,14,0,3092
99,4,15,0,34675
99,5,0,349669,3195
99,5,1,0,0
99,5,2,0,0
99,5,3,0,0
99,5,4,0,0
99,5,5,0,0
99,5,6,0,0
99,5,7,0,0
99,5,8,0,0
99,5,9,0,0
99,5,10,0,0
99,5,11,0,0
99,5,12,0,0
99,5,13,0,0
99,5,14,0,0
99,5,15,0,0
99,5,16,0,3067
99,5,17,0,0
99,5,18,0,0
99,5,19,0,0
99,5,20,0,0
99,5,21,0,0
99,5,22,0,0
99,5,23,0,0
99,5,24,0,3182
99,5,25,0,0
99,5,26,0,0
99,5,27,0,0
99,5,28,0,3120
99,5,29,0,0
99,5,30,0,3092
99,5,31,0,34675
