doc,partition,docLeafVal_f32,docLeafVal_f64,inc_residual
0,13,-0.007738744374,-0.00773874437436461,0.000000e+00
1,28,-0.007856901735,-0.00785690173506737,0.000000e+00
2,31,0.0127569912,0.0127569912001491,0.000000e+00
3,24,-0.02248527855,-0.0224852785468102,0.000000e+00
4,21,0.001542665181,0.00154266518075019,0.000000e+00
5,30,0.002942146035,0.00294214603491127,0.000000e+00
6,18,-0.009198909625,-0.00919890962541103,0.000000e+00
7,13,-0.007738744374,-0.00773874437436461,0.000000e+00
8,24,-0.02248527855,-0.0224852785468102,0.000000e+00
9,55,0.02401611023,0.024016110226512,0.000000e+00
10,31,0.0127569912,0.0127569912001491,0.000000e+00
11,30,0.002942146035,0.00294214603491127,0.000000e+00
12,24,-0.02248527855,-0.0224852785468102,0.000000e+00
13,28,-0.007856901735,-0.00785690173506737,0.000000e+00
14,13,-0.007738744374,-0.00773874437436461,0.000000e+00
15,45,0.004995354451,0.00499535445123911,0.000000e+00
16,53,0.0135398889,0.0135398888960481,0.000000e+00
17,26,-0.01174412016,-0.0117441201582551,0.000000e+00
18,30,0.002942146035,0.00294214603491127,0.000000e+00
19,31,0.0127569912,0.0127569912001491,0.000000e+00
20,30,0.002942146035,0.00294214603491127,0.000000e+00
21,28,-0.007856901735,-0.00785690173506737,0.000000e+00
22,30,0.002942146035,0.00294214603491127,0.000000e+00
23,29,0.003402300179,0.00340230017900467,0.000000e+00
24,31,0.0127569912,0.0127569912001491,0.000000e+00
25,63,0.02701722272,0.0270172227174044,0.000000e+00
26,24,-0.02248527855,-0.0224852785468102,0.000000e+00
27,24,-0.02248527855,-0.0224852785468102,0.000000e+00
28,22,0.002748655621,0.00274865562096238,0.000000e+00
29,8,-0.03018854745,-0.0301885474473238,0.000000e+00
30,21,0.001542665181,0.00154266518075019,0.000000e+00
31,28,-0.007856901735,-0.00785690173506737,0.000000e+00
32,26,-0.01174412016,-0.0117441201582551,0.000000e+00
33,24,-0.02248527855,-0.0224852785468102,0.000000e+00
34,63,0.02701722272,0.0270172227174044,0.000000e+00
35,53,0.0135398889,0.0135398888960481,0.000000e+00
36,30,0.002942146035,0.00294214603491127,0.000000e+00
37,63,0.02701722272,0.0270172227174044,0.000000e+00
38,63,0.02701722272,0.0270172227174044,0.000000e+00
39,28,-0.007856901735,-0.00785690173506737,0.000000e+00
40,8,-0.03018854745,-0.0301885474473238,0.000000e+00
41,22,0.002748655621,0.00274865562096238,0.000000e+00
42,61,0.01604051143,0.0160405114293098,0.000000e+00
43,0,-0.0251794979,-0.025179497897625,0.000000e+00
44,31,0.0127569912,0.0127569912001491,0.000000e+00
45,31,0.0127569912,0.0127569912001491,0.000000e+00
46,28,-0.007856901735,-0.00785690173506737,0.000000e+00
47,31,0.0127569912,0.0127569912001491,0.000000e+00
48,55,0.02401611023,0.024016110226512,0.000000e+00
49,13,-0.007738744374,-0.00773874437436461,0.000000e+00
50,20,-0.006825354882,-0.00682535488158464,0.000000e+00
51,31,0.0127569912,0.0127569912001491,0.000000e+00
52,26,-0.01174412016,-0.0117441201582551,0.000000e+00
53,30,0.002942146035,0.00294214603491127,0.000000e+00
54,29,0.003402300179,0.00340230017900467,0.000000e+00
55,63,0.02701722272,0.0270172227174044,0.000000e+00
56,29,0.003402300179,0.00340230017900467,0.000000e+00
57,45,0.004995354451,0.00499535445123911,0.000000e+00
58,16,-0.02100933902,-0.0210093390196562,0.000000e+00
59,26,-0.01174412016,-0.0117441201582551,0.000000e+00
60,16,-0.02100933902,-0.0210093390196562,0.000000e+00
61,30,0.002942146035,0.00294214603491127,0.000000e+00
62,45,0.004995354451,0.00499535445123911,0.000000e+00
63,63,0.02701722272,0.0270172227174044,0.000000e+00
64,45,0.004995354451,0.00499535445123911,0.000000e+00
65,12,-0.01635233127,-0.0163523312658072,0.000000e+00
66,24,-0.02248527855,-0.0224852785468102,0.000000e+00
67,26,-0.01174412016,-0.0117441201582551,0.000000e+00
68,30,0.002942146035,0.00294214603491127,0.000000e+00
69,45,0.004995354451,0.00499535445123911,0.000000e+00
70,61,0.01604051143,0.0160405114293098,0.000000e+00
71,28,-0.007856901735,-0.00785690173506737,0.000000e+00
72,30,0.002942146035,0.00294214603491127,0.000000e+00
73,61,0.01604051143,0.0160405114293098,0.000000e+00
74,23,0.0121689029,0.0121689029037952,0.000000e+00
75,28,-0.007856901735,-0.00785690173506737,0.000000e+00
76,0,-0.0251794979,-0.025179497897625,0.000000e+00
77,30,0.002942146035,0.00294214603491127,0.000000e+00
78,22,0.002748655621,0.00274865562096238,0.000000e+00
79,61,0.01604051143,0.0160405114293098,0.000000e+00
80,30,0.002942146035,0.00294214603491127,0.000000e+00
81,29,0.003402300179,0.00340230017900467,0.000000e+00
82,18,-0.009198909625,-0.00919890962541103,0.000000e+00
83,37,0.008719623089,0.00871962308883667,0.000000e+00
84,8,-0.03018854745,-0.0301885474473238,0.000000e+00
85,24,-0.02248527855,-0.0224852785468102,0.000000e+00
86,45,0.004995354451,0.00499535445123911,0.000000e+00
87,30,0.002942146035,0.00294214603491127,0.000000e+00
88,24,-0.02248527855,-0.0224852785468102,0.000000e+00
89,61,0.01604051143,0.0160405114293098,0.000000e+00
90,30,0.002942146035,0.00294214603491127,0.000000e+00
91,26,-0.01174412016,-0.0117441201582551,0.000000e+00
92,28,-0.007856901735,-0.00785690173506737,0.000000e+00
93,5,-0.00704107713,-0.00704107712954283,0.000000e+00
94,31,0.0127569912,0.0127569912001491,0.000000e+00
95,22,0.002748655621,0.00274865562096238,0.000000e+00
96,26,-0.01174412016,-0.0117441201582551,0.000000e+00
97,16,-0.02100933902,-0.0210093390196562,0.000000e+00
98,29,0.003402300179,0.00340230017900467,0.000000e+00
99,29,0.003402300179,0.00340230017900467,0.000000e+00
100,28,-0.007856901735,-0.00785690173506737,0.000000e+00
101,28,-0.007856901735,-0.00785690173506737,0.000000e+00
102,63,0.02701722272,0.0270172227174044,0.000000e+00
103,18,-0.009198909625,-0.00919890962541103,0.000000e+00
104,31,0.0127569912,0.0127569912001491,0.000000e+00
105,13,-0.007738744374,-0.00773874437436461,0.000000e+00
106,29,0.003402300179,0.00340230017900467,0.000000e+00
107,28,-0.007856901735,-0.00785690173506737,0.000000e+00
108,12,-0.01635233127,-0.0163523312658072,0.000000e+00
109,55,0.02401611023,0.024016110226512,0.000000e+00
110,28,-0.007856901735,-0.00785690173506737,0.000000e+00
111,20,-0.006825354882,-0.00682535488158464,0.000000e+00
112,53,0.0135398889,0.0135398888960481,0.000000e+00
113,16,-0.02100933902,-0.0210093390196562,0.000000e+00
114,61,0.01604051143,0.0160405114293098,0.000000e+00
115,28,-0.007856901735,-0.00785690173506737,0.000000e+00
116,31,0.0127569912,0.0127569912001491,0.000000e+00
117,53,0.0135398889,0.0135398888960481,0.000000e+00
118,37,0.008719623089,0.00871962308883667,0.000000e+00
119,22,0.002748655621,0.00274865562096238,0.000000e+00
120,30,0.002942146035,0.00294214603491127,0.000000e+00
121,16,-0.02100933902,-0.0210093390196562,0.000000e+00
122,30,0.002942146035,0.00294214603491127,0.000000e+00
123,8,-0.03018854745,-0.0301885474473238,0.000000e+00
124,61,0.01604051143,0.0160405114293098,0.000000e+00
125,31,0.0127569912,0.0127569912001491,0.000000e+00
126,30,0.002942146035,0.00294214603491127,0.000000e+00
127,31,0.0127569912,0.0127569912001491,0.000000e+00
128,29,0.003402300179,0.00340230017900467,0.000000e+00
129,26,-0.01174412016,-0.0117441201582551,0.000000e+00
130,30,0.002942146035,0.00294214603491127,0.000000e+00
131,28,-0.007856901735,-0.00785690173506737,0.000000e+00
132,29,0.003402300179,0.00340230017900467,0.000000e+00
133,24,-0.02248527855,-0.0224852785468102,0.000000e+00
134,61,0.01604051143,0.0160405114293098,0.000000e+00
135,45,0.004995354451,0.00499535445123911,0.000000e+00
136,31,0.0127569912,0.0127569912001491,0.000000e+00
137,18,-0.009198909625,-0.00919890962541103,0.000000e+00
138,12,-0.01635233127,-0.0163523312658072,0.000000e+00
139,61,0.01604051143,0.0160405114293098,0.000000e+00
140,30,0.002942146035,0.00294214603491127,0.000000e+00
141,26,-0.01174412016,-0.0117441201582551,0.000000e+00
142,30,0.002942146035,0.00294214603491127,0.000000e+00
143,18,-0.009198909625,-0.00919890962541103,0.000000e+00
144,23,0.0121689029,0.0121689029037952,0.000000e+00
145,12,-0.01635233127,-0.0163523312658072,0.000000e+00
146,18,-0.009198909625,-0.00919890962541103,0.000000e+00
147,55,0.02401611023,0.024016110226512,0.000000e+00
148,24,-0.02248527855,-0.0224852785468102,0.000000e+00
149,30,0.002942146035,0.00294214603491127,0.000000e+00
150,63,0.02701722272,0.0270172227174044,0.000000e+00
151,26,-0.01174412016,-0.0117441201582551,0.000000e+00
152,53,0.0135398889,0.0135398888960481,0.000000e+00
153,63,0.02701722272,0.0270172227174044,0.000000e+00
154,4,-0.01281093061,-0.0128109306097031,0.000000e+00
155,24,-0.02248527855,-0.0224852785468102,0.000000e+00
156,23,0.0121689029,0.0121689029037952,0.000000e+00
157,30,0.002942146035,0.00294214603491127,0.000000e+00
158,22,0.002748655621,0.00274865562096238,0.000000e+00
159,8,-0.03018854745,-0.0301885474473238,0.000000e+00
160,30,0.002942146035,0.00294214603491127,0.000000e+00
161,61,0.01604051143,0.0160405114293098,0.000000e+00
162,61,0.01604051143,0.0160405114293098,0.000000e+00
163,5,-0.00704107713,-0.00704107712954283,0.000000e+00
164,63,0.02701722272,0.0270172227174044,0.000000e+00
165,31,0.0127569912,0.0127569912001491,0.000000e+00
166,24,-0.02248527855,-0.0224852785468102,0.000000e+00
167,22,0.002748655621,0.00274865562096238,0.000000e+00
168,12,-0.01635233127,-0.0163523312658072,0.000000e+00
169,31,0.0127569912,0.0127569912001491,0.000000e+00
170,31,0.0127569912,0.0127569912001491,0.000000e+00
171,28,-0.007856901735,-0.00785690173506737,0.000000e+00
172,61,0.01604051143,0.0160405114293098,0.000000e+00
173,12,-0.01635233127,-0.0163523312658072,0.000000e+00
174,30,0.002942146035,0.00294214603491127,0.000000e+00
175,30,0.002942146035,0.00294214603491127,0.000000e+00
176,16,-0.02100933902,-0.0210093390196562,0.000000e+00
177,31,0.0127569912,0.0127569912001491,0.000000e+00
178,23,0.0121689029,0.0121689029037952,0.000000e+00
179,31,0.0127569912,0.0127569912001491,0.000000e+00
180,63,0.02701722272,0.0270172227174044,0.000000e+00
181,21,0.001542665181,0.00154266518075019,0.000000e+00
182,26,-0.01174412016,-0.0117441201582551,0.000000e+00
183,30,0.002942146035,0.00294214603491127,0.000000e+00
184,30,0.002942146035,0.00294214603491127,0.000000e+00
185,28,-0.007856901735,-0.00785690173506737,0.000000e+00
186,30,0.002942146035,0.00294214603491127,0.000000e+00
187,24,-0.02248527855,-0.0224852785468102,0.000000e+00
188,22,0.002748655621,0.00274865562096238,0.000000e+00
189,13,-0.007738744374,-0.00773874437436461,0.000000e+00
190,28,-0.007856901735,-0.00785690173506737,0.000000e+00
191,63,0.02701722272,0.0270172227174044,0.000000e+00
192,16,-0.02100933902,-0.0210093390196562,0.000000e+00
193,26,-0.01174412016,-0.0117441201582551,0.000000e+00
194,22,0.002748655621,0.00274865562096238,0.000000e+00
195,31,0.0127569912,0.0127569912001491,0.000000e+00
196,29,0.003402300179,0.00340230017900467,0.000000e+00
197,21,0.001542665181,0.00154266518075019,0.000000e+00
198,63,0.02701722272,0.0270172227174044,0.000000e+00
199,29,0.003402300179,0.00340230017900467,0.000000e+00
200,31,0.0127569912,0.0127569912001491,0.000000e+00
201,31,0.0127569912,0.0127569912001491,0.000000e+00
202,28,-0.007856901735,-0.00785690173506737,0.000000e+00
203,31,0.0127569912,0.0127569912001491,0.000000e+00
204,55,0.02401611023,0.024016110226512,0.000000e+00
205,31,0.0127569912,0.0127569912001491,0.000000e+00
206,30,0.002942146035,0.00294214603491127,0.000000e+00
207,30,0.002942146035,0.00294214603491127,0.000000e+00
208,8,-0.03018854745,-0.0301885474473238,0.000000e+00
209,61,0.01604051143,0.0160405114293098,0.000000e+00
210,8,-0.03018854745,-0.0301885474473238,0.000000e+00
211,63,0.02701722272,0.0270172227174044,0.000000e+00
212,28,-0.007856901735,-0.00785690173506737,0.000000e+00
213,31,0.0127569912,0.0127569912001491,0.000000e+00
214,45,0.004995354451,0.00499535445123911,0.000000e+00
215,30,0.002942146035,0.00294214603491127,0.000000e+00
216,26,-0.01174412016,-0.0117441201582551,0.000000e+00
217,26,-0.01174412016,-0.0117441201582551,0.000000e+00
218,23,0.0121689029,0.0121689029037952,0.000000e+00
219,63,0.02701722272,0.0270172227174044,0.000000e+00
220,28,-0.007856901735,-0.00785690173506737,0.000000e+00
221,63,0.02701722272,0.0270172227174044,0.000000e+00
222,13,-0.007738744374,-0.00773874437436461,0.000000e+00
223,29,0.003402300179,0.00340230017900467,0.000000e+00
224,21,0.001542665181,0.00154266518075019,0.000000e+00
225,26,-0.01174412016,-0.0117441201582551,0.000000e+00
226,26,-0.01174412016,-0.0117441201582551,0.000000e+00
227,63,0.02701722272,0.0270172227174044,0.000000e+00
228,29,0.003402300179,0.00340230017900467,0.000000e+00
229,30,0.002942146035,0.00294214603491127,0.000000e+00
230,29,0.003402300179,0.00340230017900467,0.000000e+00
231,16,-0.02100933902,-0.0210093390196562,0.000000e+00
232,61,0.01604051143,0.0160405114293098,0.000000e+00
233,24,-0.02248527855,-0.0224852785468102,0.000000e+00
234,63,0.02701722272,0.0270172227174044,0.000000e+00
235,61,0.01604051143,0.0160405114293098,0.000000e+00
236,8,-0.03018854745,-0.0301885474473238,0.000000e+00
237,28,-0.007856901735,-0.00785690173506737,0.000000e+00
238,31,0.0127569912,0.0127569912001491,0.000000e+00
239,22,0.002748655621,0.00274865562096238,0.000000e+00
240,22,0.002748655621,0.00274865562096238,0.000000e+00
241,28,-0.007856901735,-0.00785690173506737,0.000000e+00
242,13,-0.007738744374,-0.00773874437436461,0.000000e+00
243,26,-0.01174412016,-0.0117441201582551,0.000000e+00
244,30,0.002942146035,0.00294214603491127,0.000000e+00
245,24,-0.02248527855,-0.0224852785468102,0.000000e+00
246,30,0.002942146035,0.00294214603491127,0.000000e+00
247,29,0.003402300179,0.00340230017900467,0.000000e+00
248,30,0.002942146035,0.00294214603491127,0.000000e+00
249,31,0.0127569912,0.0127569912001491,0.000000e+00
250,28,-0.007856901735,-0.00785690173506737,0.000000e+00
251,18,-0.009198909625,-0.00919890962541103,0.000000e+00
252,28,-0.007856901735,-0.00785690173506737,0.000000e+00
253,26,-0.01174412016,-0.0117441201582551,0.000000e+00
254,24,-0.02248527855,-0.0224852785468102,0.000000e+00
255,26,-0.01174412016,-0.0117441201582551,0.000000e+00
256,13,-0.007738744374,-0.00773874437436461,0.000000e+00
257,4,-0.01281093061,-0.0128109306097031,0.000000e+00
258,12,-0.01635233127,-0.0163523312658072,0.000000e+00
259,28,-0.007856901735,-0.00785690173506737,0.000000e+00
260,29,0.003402300179,0.00340230017900467,0.000000e+00
261,45,0.004995354451,0.00499535445123911,0.000000e+00
262,53,0.0135398889,0.0135398888960481,0.000000e+00
263,23,0.0121689029,0.0121689029037952,0.000000e+00
264,26,-0.01174412016,-0.0117441201582551,0.000000e+00
265,24,-0.02248527855,-0.0224852785468102,0.000000e+00
266,5,-0.00704107713,-0.00704107712954283,0.000000e+00
267,31,0.0127569912,0.0127569912001491,0.000000e+00
268,30,0.002942146035,0.00294214603491127,0.000000e+00
269,61,0.01604051143,0.0160405114293098,0.000000e+00
270,22,0.002748655621,0.00274865562096238,0.000000e+00
271,45,0.004995354451,0.00499535445123911,0.000000e+00
272,12,-0.01635233127,-0.0163523312658072,0.000000e+00
273,21,0.001542665181,0.00154266518075019,0.000000e+00
274,29,0.003402300179,0.00340230017900467,0.000000e+00
275,12,-0.01635233127,-0.0163523312658072,0.000000e+00
276,23,0.0121689029,0.0121689029037952,0.000000e+00
277,31,0.0127569912,0.0127569912001491,0.000000e+00
278,63,0.02701722272,0.0270172227174044,0.000000e+00
279,31,0.0127569912,0.0127569912001491,0.000000e+00
280,63,0.02701722272,0.0270172227174044,0.000000e+00
281,55,0.02401611023,0.024016110226512,0.000000e+00
282,12,-0.01635233127,-0.0163523312658072,0.000000e+00
283,31,0.0127569912,0.0127569912001491,0.000000e+00
284,30,0.002942146035,0.00294214603491127,0.000000e+00
285,30,0.002942146035,0.00294214603491127,0.000000e+00
286,23,0.0121689029,0.0121689029037952,0.000000e+00
287,63,0.02701722272,0.0270172227174044,0.000000e+00
288,63,0.02701722272,0.0270172227174044,0.000000e+00
289,12,-0.01635233127,-0.0163523312658072,0.000000e+00
290,12,-0.01635233127,-0.0163523312658072,0.000000e+00
291,4,-0.01281093061,-0.0128109306097031,0.000000e+00
292,28,-0.007856901735,-0.00785690173506737,0.000000e+00
293,63,0.02701722272,0.0270172227174044,0.000000e+00
294,61,0.01604051143,0.0160405114293098,0.000000e+00
295,28,-0.007856901735,-0.00785690173506737,0.000000e+00
296,22,0.002748655621,0.00274865562096238,0.000000e+00
297,8,-0.03018854745,-0.0301885474473238,0.000000e+00
298,12,-0.01635233127,-0.0163523312658072,0.000000e+00
299,18,-0.009198909625,-0.00919890962541103,0.000000e+00
300,21,0.001542665181,0.00154266518075019,0.000000e+00
301,12,-0.01635233127,-0.0163523312658072,0.000000e+00
302,61,0.01604051143,0.0160405114293098,0.000000e+00
303,20,-0.006825354882,-0.00682535488158464,0.000000e+00
304,8,-0.03018854745,-0.0301885474473238,0.000000e+00
305,28,-0.007856901735,-0.00785690173506737,0.000000e+00
306,63,0.02701722272,0.0270172227174044,0.000000e+00
307,63,0.02701722272,0.0270172227174044,0.000000e+00
308,29,0.003402300179,0.00340230017900467,0.000000e+00
309,30,0.002942146035,0.00294214603491127,0.000000e+00
310,61,0.01604051143,0.0160405114293098,0.000000e+00
311,61,0.01604051143,0.0160405114293098,0.000000e+00
312,61,0.01604051143,0.0160405114293098,0.000000e+00
313,30,0.002942146035,0.00294214603491127,0.000000e+00
314,23,0.0121689029,0.0121689029037952,0.000000e+00
315,61,0.01604051143,0.0160405114293098,0.000000e+00
316,16,-0.02100933902,-0.0210093390196562,0.000000e+00
317,28,-0.007856901735,-0.00785690173506737,0.000000e+00
318,63,0.02701722272,0.0270172227174044,0.000000e+00
319,12,-0.01635233127,-0.0163523312658072,0.000000e+00
320,37,0.008719623089,0.00871962308883667,0.000000e+00
321,30,0.002942146035,0.00294214603491127,0.000000e+00
322,31,0.0127569912,0.0127569912001491,0.000000e+00
323,55,0.02401611023,0.024016110226512,0.000000e+00
324,20,-0.006825354882,-0.00682535488158464,0.000000e+00
325,55,0.02401611023,0.024016110226512,0.000000e+00
326,63,0.02701722272,0.0270172227174044,0.000000e+00
327,26,-0.01174412016,-0.0117441201582551,0.000000e+00
328,12,-0.01635233127,-0.0163523312658072,0.000000e+00
329,24,-0.02248527855,-0.0224852785468102,0.000000e+00
330,61,0.01604051143,0.0160405114293098,0.000000e+00
331,12,-0.01635233127,-0.0163523312658072,0.000000e+00
332,29,0.003402300179,0.00340230017900467,0.000000e+00
333,63,0.02701722272,0.0270172227174044,0.000000e+00
334,5,-0.00704107713,-0.00704107712954283,0.000000e+00
335,18,-0.009198909625,-0.00919890962541103,0.000000e+00
336,63,0.02701722272,0.0270172227174044,0.000000e+00
337,26,-0.01174412016,-0.0117441201582551,0.000000e+00
338,61,0.01604051143,0.0160405114293098,0.000000e+00
339,61,0.01604051143,0.0160405114293098,0.000000e+00
340,30,0.002942146035,0.00294214603491127,0.000000e+00
341,12,-0.01635233127,-0.0163523312658072,0.000000e+00
342,61,0.01604051143,0.0160405114293098,0.000000e+00
343,12,-0.01635233127,-0.0163523312658072,0.000000e+00
344,24,-0.02248527855,-0.0224852785468102,0.000000e+00
345,26,-0.01174412016,-0.0117441201582551,0.000000e+00
346,45,0.004995354451,0.00499535445123911,0.000000e+00
347,8,-0.03018854745,-0.0301885474473238,0.000000e+00
348,18,-0.009198909625,-0.00919890962541103,0.000000e+00
349,61,0.01604051143,0.0160405114293098,0.000000e+00
350,24,-0.02248527855,-0.0224852785468102,0.000000e+00
351,23,0.0121689029,0.0121689029037952,0.000000e+00
352,23,0.0121689029,0.0121689029037952,0.000000e+00
353,53,0.0135398889,0.0135398888960481,0.000000e+00
354,63,0.02701722272,0.0270172227174044,0.000000e+00
355,45,0.004995354451,0.00499535445123911,0.000000e+00
356,31,0.0127569912,0.0127569912001491,0.000000e+00
357,26,-0.01174412016,-0.0117441201582551,0.000000e+00
358,30,0.002942146035,0.00294214603491127,0.000000e+00
359,30,0.002942146035,0.00294214603491127,0.000000e+00
360,55,0.02401611023,0.024016110226512,0.000000e+00
361,29,0.003402300179,0.00340230017900467,0.000000e+00
362,45,0.004995354451,0.00499535445123911,0.000000e+00
363,30,0.002942146035,0.00294214603491127,0.000000e+00
364,24,-0.02248527855,-0.0224852785468102,0.000000e+00
365,29,0.003402300179,0.00340230017900467,0.000000e+00
366,8,-0.03018854745,-0.0301885474473238,0.000000e+00
367,18,-0.009198909625,-0.00919890962541103,0.000000e+00
368,28,-0.007856901735,-0.00785690173506737,0.000000e+00
369,28,-0.007856901735,-0.00785690173506737,0.000000e+00
370,23,0.0121689029,0.0121689029037952,0.000000e+00
371,21,0.001542665181,0.00154266518075019,0.000000e+00
372,24,-0.02248527855,-0.0224852785468102,0.000000e+00
373,29,0.003402300179,0.00340230017900467,0.000000e+00
374,61,0.01604051143,0.0160405114293098,0.000000e+00
375,45,0.004995354451,0.00499535445123911,0.000000e+00
376,26,-0.01174412016,-0.0117441201582551,0.000000e+00
377,24,-0.02248527855,-0.0224852785468102,0.000000e+00
378,29,0.003402300179,0.00340230017900467,0.000000e+00
379,55,0.02401611023,0.024016110226512,0.000000e+00
380,13,-0.007738744374,-0.00773874437436461,0.000000e+00
381,29,0.003402300179,0.00340230017900467,0.000000e+00
382,30,0.002942146035,0.00294214603491127,0.000000e+00
383,18,-0.009198909625,-0.00919890962541103,0.000000e+00
384,30,0.002942146035,0.00294214603491127,0.000000e+00
385,20,-0.006825354882,-0.00682535488158464,0.000000e+00
386,18,-0.009198909625,-0.00919890962541103,0.000000e+00
387,30,0.002942146035,0.00294214603491127,0.000000e+00
388,5,-0.00704107713,-0.00704107712954283,0.000000e+00
389,21,0.001542665181,0.00154266518075019,0.000000e+00
390,23,0.0121689029,0.0121689029037952,0.000000e+00
391,22,0.002748655621,0.00274865562096238,0.000000e+00
392,12,-0.01635233127,-0.0163523312658072,0.000000e+00
393,8,-0.03018854745,-0.0301885474473238,0.000000e+00
394,30,0.002942146035,0.00294214603491127,0.000000e+00
395,30,0.002942146035,0.00294214603491127,0.000000e+00
396,30,0.002942146035,0.00294214603491127,0.000000e+00
397,22,0.002748655621,0.00274865562096238,0.000000e+00
398,8,-0.03018854745,-0.0301885474473238,0.000000e+00
399,26,-0.01174412016,-0.0117441201582551,0.000000e+00
400,31,0.0127569912,0.0127569912001491,0.000000e+00
401,37,0.008719623089,0.00871962308883667,0.000000e+00
402,30,0.002942146035,0.00294214603491127,0.000000e+00
403,12,-0.01635233127,-0.0163523312658072,0.000000e+00
404,8,-0.03018854745,-0.0301885474473238,0.000000e+00
405,61,0.01604051143,0.0160405114293098,0.000000e+00
406,31,0.0127569912,0.0127569912001491,0.000000e+00
407,23,0.0121689029,0.0121689029037952,0.000000e+00
408,22,0.002748655621,0.00274865562096238,0.000000e+00
409,13,-0.007738744374,-0.00773874437436461,0.000000e+00
410,13,-0.007738744374,-0.00773874437436461,0.000000e+00
411,24,-0.02248527855,-0.0224852785468102,0.000000e+00
412,8,-0.03018854745,-0.0301885474473238,0.000000e+00
413,26,-0.01174412016,-0.0117441201582551,0.000000e+00
414,21,0.001542665181,0.00154266518075019,0.000000e+00
415,61,0.01604051143,0.0160405114293098,0.000000e+00
416,29,0.003402300179,0.00340230017900467,0.000000e+00
417,53,0.0135398889,0.0135398888960481,0.000000e+00
418,24,-0.02248527855,-0.0224852785468102,0.000000e+00
419,24,-0.02248527855,-0.0224852785468102,0.000000e+00
420,30,0.002942146035,0.00294214603491127,0.000000e+00
421,29,0.003402300179,0.00340230017900467,0.000000e+00
422,26,-0.01174412016,-0.0117441201582551,0.000000e+00
423,22,0.002748655621,0.00274865562096238,0.000000e+00
424,30,0.002942146035,0.00294214603491127,0.000000e+00
425,22,0.002748655621,0.00274865562096238,0.000000e+00
426,12,-0.01635233127,-0.0163523312658072,0.000000e+00
427,53,0.0135398889,0.0135398888960481,0.000000e+00
428,63,0.02701722272,0.0270172227174044,0.000000e+00
429,26,-0.01174412016,-0.0117441201582551,0.000000e+00
430,31,0.0127569912,0.0127569912001491,0.000000e+00
431,63,0.02701722272,0.0270172227174044,0.000000e+00
432,63,0.02701722272,0.0270172227174044,0.000000e+00
433,30,0.002942146035,0.00294214603491127,0.000000e+00
434,31,0.0127569912,0.0127569912001491,0.000000e+00
435,8,-0.03018854745,-0.0301885474473238,0.000000e+00
436,26,-0.01174412016,-0.0117441201582551,0.000000e+00
437,29,0.003402300179,0.00340230017900467,0.000000e+00
438,53,0.0135398889,0.0135398888960481,0.000000e+00
439,30,0.002942146035,0.00294214603491127,0.000000e+00
440,63,0.02701722272,0.0270172227174044,0.000000e+00
441,23,0.0121689029,0.0121689029037952,0.000000e+00
442,0,-0.0251794979,-0.025179497897625,0.000000e+00
443,55,0.02401611023,0.024016110226512,0.000000e+00
444,28,-0.007856901735,-0.00785690173506737,0.000000e+00
445,45,0.004995354451,0.00499535445123911,0.000000e+00
446,31,0.0127569912,0.0127569912001491,0.000000e+00
447,16,-0.02100933902,-0.0210093390196562,0.000000e+00
448,30,0.002942146035,0.00294214603491127,0.000000e+00
449,31,0.0127569912,0.0127569912001491,0.000000e+00
450,13,-0.007738744374,-0.00773874437436461,0.000000e+00
451,31,0.0127569912,0.0127569912001491,0.000000e+00
452,31,0.0127569912,0.0127569912001491,0.000000e+00
453,63,0.02701722272,0.0270172227174044,0.000000e+00
454,16,-0.02100933902,-0.0210093390196562,0.000000e+00
455,55,0.02401611023,0.024016110226512,0.000000e+00
456,13,-0.007738744374,-0.00773874437436461,0.000000e+00
457,31,0.0127569912,0.0127569912001491,0.000000e+00
458,26,-0.01174412016,-0.0117441201582551,0.000000e+00
459,24,-0.02248527855,-0.0224852785468102,0.000000e+00
460,13,-0.007738744374,-0.00773874437436461,0.000000e+00
461,28,-0.007856901735,-0.00785690173506737,0.000000e+00
462,18,-0.009198909625,-0.00919890962541103,0.000000e+00
463,29,0.003402300179,0.00340230017900467,0.000000e+00
464,8,-0.03018854745,-0.0301885474473238,0.000000e+00
465,12,-0.01635233127,-0.0163523312658072,0.000000e+00
466,37,0.008719623089,0.00871962308883667,0.000000e+00
467,26,-0.01174412016,-0.0117441201582551,0.000000e+00
468,28,-0.007856901735,-0.00785690173506737,0.000000e+00
469,63,0.02701722272,0.0270172227174044,0.000000e+00
470,18,-0.009198909625,-0.00919890962541103,0.000000e+00
471,24,-0.02248527855,-0.0224852785468102,0.000000e+00
472,12,-0.01635233127,-0.0163523312658072,0.000000e+00
473,31,0.0127569912,0.0127569912001491,0.000000e+00
474,28,-0.007856901735,-0.00785690173506737,0.000000e+00
475,16,-0.02100933902,-0.0210093390196562,0.000000e+00
476,28,-0.007856901735,-0.00785690173506737,0.000000e+00
477,24,-0.02248527855,-0.0224852785468102,0.000000e+00
478,29,0.003402300179,0.00340230017900467,0.000000e+00
479,8,-0.03018854745,-0.0301885474473238,0.000000e+00
480,30,0.002942146035,0.00294214603491127,0.000000e+00
481,30,0.002942146035,0.00294214603491127,0.000000e+00
482,20,-0.006825354882,-0.00682535488158464,0.000000e+00
483,30,0.002942146035,0.00294214603491127,0.000000e+00
484,28,-0.007856901735,-0.00785690173506737,0.000000e+00
485,30,0.002942146035,0.00294214603491127,0.000000e+00
486,53,0.0135398889,0.0135398888960481,0.000000e+00
487,63,0.02701722272,0.0270172227174044,0.000000e+00
488,45,0.004995354451,0.00499535445123911,0.000000e+00
489,28,-0.007856901735,-0.00785690173506737,0.000000e+00
490,12,-0.01635233127,-0.0163523312658072,0.000000e+00
491,4,-0.01281093061,-0.0128109306097031,0.000000e+00
492,28,-0.007856901735,-0.00785690173506737,0.000000e+00
493,5,-0.00704107713,-0.00704107712954283,0.000000e+00
494,63,0.02701722272,0.0270172227174044,0.000000e+00
495,18,-0.009198909625,-0.00919890962541103,0.000000e+00
496,63,0.02701722272,0.0270172227174044,0.000000e+00
497,29,0.003402300179,0.00340230017900467,0.000000e+00
498,28,-0.007856901735,-0.00785690173506737,0.000000e+00
499,26,-0.01174412016,-0.0117441201582551,0.000000e+00
500,31,0.0127569912,0.0127569912001491,0.000000e+00
501,22,0.002748655621,0.00274865562096238,0.000000e+00
502,63,0.02701722272,0.0270172227174044,0.000000e+00
503,21,0.001542665181,0.00154266518075019,0.000000e+00
504,24,-0.02248527855,-0.0224852785468102,0.000000e+00
505,8,-0.03018854745,-0.0301885474473238,0.000000e+00
506,24,-0.02248527855,-0.0224852785468102,0.000000e+00
507,63,0.02701722272,0.0270172227174044,0.000000e+00
508,16,-0.02100933902,-0.0210093390196562,0.000000e+00
509,28,-0.007856901735,-0.00785690173506737,0.000000e+00
510,26,-0.01174412016,-0.0117441201582551,0.000000e+00
511,61,0.01604051143,0.0160405114293098,0.000000e+00
512,28,-0.007856901735,-0.00785690173506737,0.000000e+00
513,26,-0.01174412016,-0.0117441201582551,0.000000e+00
514,28,-0.007856901735,-0.00785690173506737,0.000000e+00
515,31,0.0127569912,0.0127569912001491,0.000000e+00
516,28,-0.007856901735,-0.00785690173506737,0.000000e+00
517,61,0.01604051143,0.0160405114293098,0.000000e+00
518,24,-0.02248527855,-0.0224852785468102,0.000000e+00
519,24,-0.02248527855,-0.0224852785468102,0.000000e+00
520,0,-0.0251794979,-0.025179497897625,0.000000e+00
521,29,0.003402300179,0.00340230017900467,0.000000e+00
522,31,0.0127569912,0.0127569912001491,0.000000e+00
523,29,0.003402300179,0.00340230017900467,0.000000e+00
524,31,0.0127569912,0.0127569912001491,0.000000e+00
525,21,0.001542665181,0.00154266518075019,0.000000e+00
526,31,0.0127569912,0.0127569912001491,0.000000e+00
527,5,-0.00704107713,-0.00704107712954283,0.000000e+00
528,30,0.002942146035,0.00294214603491127,0.000000e+00
529,31,0.0127569912,0.0127569912001491,0.000000e+00
530,45,0.004995354451,0.00499535445123911,0.000000e+00
531,28,-0.007856901735,-0.00785690173506737,0.000000e+00
532,31,0.0127569912,0.0127569912001491,0.000000e+00
533,5,-0.00704107713,-0.00704107712954283,0.000000e+00
534,30,0.002942146035,0.00294214603491127,0.000000e+00
535,12,-0.01635233127,-0.0163523312658072,0.000000e+00
536,55,0.02401611023,0.024016110226512,0.000000e+00
537,28,-0.007856901735,-0.00785690173506737,0.000000e+00
538,31,0.0127569912,0.0127569912001491,0.000000e+00
539,18,-0.009198909625,-0.00919890962541103,0.000000e+00
540,20,-0.006825354882,-0.00682535488158464,0.000000e+00
541,31,0.0127569912,0.0127569912001491,0.000000e+00
542,28,-0.007856901735,-0.00785690173506737,0.000000e+00
543,31,0.0127569912,0.0127569912001491,0.000000e+00
544,30,0.002942146035,0.00294214603491127,0.000000e+00
545,22,0.002748655621,0.00274865562096238,0.000000e+00
546,23,0.0121689029,0.0121689029037952,0.000000e+00
547,26,-0.01174412016,-0.0117441201582551,0.000000e+00
548,24,-0.02248527855,-0.0224852785468102,0.000000e+00
549,29,0.003402300179,0.00340230017900467,0.000000e+00
550,28,-0.007856901735,-0.00785690173506737,0.000000e+00
551,61,0.01604051143,0.0160405114293098,0.000000e+00
552,26,-0.01174412016,-0.0117441201582551,0.000000e+00
553,16,-0.02100933902,-0.0210093390196562,0.000000e+00
554,31,0.0127569912,0.0127569912001491,0.000000e+00
555,61,0.01604051143,0.0160405114293098,0.000000e+00
556,26,-0.01174412016,-0.0117441201582551,0.000000e+00
557,28,-0.007856901735,-0.00785690173506737,0.000000e+00
558,30,0.002942146035,0.00294214603491127,0.000000e+00
559,28,-0.007856901735,-0.00785690173506737,0.000000e+00
560,20,-0.006825354882,-0.00682535488158464,0.000000e+00
561,30,0.002942146035,0.00294214603491127,0.000000e+00
562,12,-0.01635233127,-0.0163523312658072,0.000000e+00
563,30,0.002942146035,0.00294214603491127,0.000000e+00
564,28,-0.007856901735,-0.00785690173506737,0.000000e+00
565,63,0.02701722272,0.0270172227174044,0.000000e+00
566,0,-0.0251794979,-0.025179497897625,0.000000e+00
567,24,-0.02248527855,-0.0224852785468102,0.000000e+00
568,22,0.002748655621,0.00274865562096238,0.000000e+00
569,26,-0.01174412016,-0.0117441201582551,0.000000e+00
570,26,-0.01174412016,-0.0117441201582551,0.000000e+00
571,29,0.003402300179,0.00340230017900467,0.000000e+00
572,13,-0.007738744374,-0.00773874437436461,0.000000e+00
573,26,-0.01174412016,-0.0117441201582551,0.000000e+00
574,45,0.004995354451,0.00499535445123911,0.000000e+00
575,30,0.002942146035,0.00294214603491127,0.000000e+00
576,28,-0.007856901735,-0.00785690173506737,0.000000e+00
577,55,0.02401611023,0.024016110226512,0.000000e+00
578,63,0.02701722272,0.0270172227174044,0.000000e+00
579,18,-0.009198909625,-0.00919890962541103,0.000000e+00
580,28,-0.007856901735,-0.00785690173506737,0.000000e+00
581,28,-0.007856901735,-0.00785690173506737,0.000000e+00
582,31,0.0127569912,0.0127569912001491,0.000000e+00
583,24,-0.02248527855,-0.0224852785468102,0.000000e+00
584,29,0.003402300179,0.00340230017900467,0.000000e+00
585,30,0.002942146035,0.00294214603491127,0.000000e+00
586,24,-0.02248527855,-0.0224852785468102,0.000000e+00
587,63,0.02701722272,0.0270172227174044,0.000000e+00
588,53,0.0135398889,0.0135398888960481,0.000000e+00
589,45,0.004995354451,0.00499535445123911,0.000000e+00
590,12,-0.01635233127,-0.0163523312658072,0.000000e+00
591,28,-0.007856901735,-0.00785690173506737,0.000000e+00
592,31,0.0127569912,0.0127569912001491,0.000000e+00
593,26,-0.01174412016,-0.0117441201582551,0.000000e+00
594,12,-0.01635233127,-0.0163523312658072,0.000000e+00
595,63,0.02701722272,0.0270172227174044,0.000000e+00
596,4,-0.01281093061,-0.0128109306097031,0.000000e+00
597,55,0.02401611023,0.024016110226512,0.000000e+00
598,12,-0.01635233127,-0.0163523312658072,0.000000e+00
599,63,0.02701722272,0.0270172227174044,0.000000e+00
600,28,-0.007856901735,-0.00785690173506737,0.000000e+00
601,29,0.003402300179,0.00340230017900467,0.000000e+00
602,30,0.002942146035,0.00294214603491127,0.000000e+00
603,13,-0.007738744374,-0.00773874437436461,0.000000e+00
604,28,-0.007856901735,-0.00785690173506737,0.000000e+00
605,28,-0.007856901735,-0.00785690173506737,0.000000e+00
606,31,0.0127569912,0.0127569912001491,0.000000e+00
607,31,0.0127569912,0.0127569912001491,0.000000e+00
608,26,-0.01174412016,-0.0117441201582551,0.000000e+00
609,8,-0.03018854745,-0.0301885474473238,0.000000e+00
610,28,-0.007856901735,-0.00785690173506737,0.000000e+00
611,30,0.002942146035,0.00294214603491127,0.000000e+00
612,30,0.002942146035,0.00294214603491127,0.000000e+00
613,29,0.003402300179,0.00340230017900467,0.000000e+00
614,22,0.002748655621,0.00274865562096238,0.000000e+00
615,31,0.0127569912,0.0127569912001491,0.000000e+00
616,22,0.002748655621,0.00274865562096238,0.000000e+00
617,8,-0.03018854745,-0.0301885474473238,0.000000e+00
618,31,0.0127569912,0.0127569912001491,0.000000e+00
619,20,-0.006825354882,-0.00682535488158464,0.000000e+00
620,55,0.02401611023,0.024016110226512,0.000000e+00
621,26,-0.01174412016,-0.0117441201582551,0.000000e+00
622,18,-0.009198909625,-0.00919890962541103,0.000000e+00
623,28,-0.007856901735,-0.00785690173506737,0.000000e+00
624,13,-0.007738744374,-0.00773874437436461,0.000000e+00
625,61,0.01604051143,0.0160405114293098,0.000000e+00
626,26,-0.01174412016,-0.0117441201582551,0.000000e+00
627,31,0.0127569912,0.0127569912001491,0.000000e+00
628,30,0.002942146035,0.00294214603491127,0.000000e+00
629,22,0.002748655621,0.00274865562096238,0.000000e+00
630,45,0.004995354451,0.00499535445123911,0.000000e+00
631,29,0.003402300179,0.00340230017900467,0.000000e+00
632,12,-0.01635233127,-0.0163523312658072,0.000000e+00
633,63,0.02701722272,0.0270172227174044,0.000000e+00
634,61,0.01604051143,0.0160405114293098,0.000000e+00
635,63,0.02701722272,0.0270172227174044,0.000000e+00
636,0,-0.0251794979,-0.025179497897625,0.000000e+00
637,26,-0.01174412016,-0.0117441201582551,0.000000e+00
638,29,0.003402300179,0.00340230017900467,0.000000e+00
639,61,0.01604051143,0.0160405114293098,0.000000e+00
640,63,0.02701722272,0.0270172227174044,0.000000e+00
641,24,-0.02248527855,-0.0224852785468102,0.000000e+00
642,26,-0.01174412016,-0.0117441201582551,0.000000e+00
643,0,-0.0251794979,-0.025179497897625,0.000000e+00
644,30,0.002942146035,0.00294214603491127,0.000000e+00
645,20,-0.006825354882,-0.00682535488158464,0.000000e+00
646,12,-0.01635233127,-0.0163523312658072,0.000000e+00
647,20,-0.006825354882,-0.00682535488158464,0.000000e+00
648,28,-0.007856901735,-0.00785690173506737,0.000000e+00
649,29,0.003402300179,0.00340230017900467,0.000000e+00
650,63,0.02701722272,0.0270172227174044,0.000000e+00
651,26,-0.01174412016,-0.0117441201582551,0.000000e+00
652,63,0.02701722272,0.0270172227174044,0.000000e+00
653,26,-0.01174412016,-0.0117441201582551,0.000000e+00
654,61,0.01604051143,0.0160405114293098,0.000000e+00
655,13,-0.007738744374,-0.00773874437436461,0.000000e+00
656,31,0.0127569912,0.0127569912001491,0.000000e+00
657,26,-0.01174412016,-0.0117441201582551,0.000000e+00
658,22,0.002748655621,0.00274865562096238,0.000000e+00
659,16,-0.02100933902,-0.0210093390196562,0.000000e+00
660,8,-0.03018854745,-0.0301885474473238,0.000000e+00
661,26,-0.01174412016,-0.0117441201582551,0.000000e+00
662,4,-0.01281093061,-0.0128109306097031,0.000000e+00
663,24,-0.02248527855,-0.0224852785468102,0.000000e+00
664,12,-0.01635233127,-0.0163523312658072,0.000000e+00
665,53,0.0135398889,0.0135398888960481,0.000000e+00
666,22,0.002748655621,0.00274865562096238,0.000000e+00
667,20,-0.006825354882,-0.00682535488158464,0.000000e+00
668,37,0.008719623089,0.00871962308883667,0.000000e+00
669,5,-0.00704107713,-0.00704107712954283,0.000000e+00
670,8,-0.03018854745,-0.0301885474473238,0.000000e+00
671,4,-0.01281093061,-0.0128109306097031,0.000000e+00
672,63,0.02701722272,0.0270172227174044,0.000000e+00
673,63,0.02701722272,0.0270172227174044,0.000000e+00
674,22,0.002748655621,0.00274865562096238,0.000000e+00
675,22,0.002748655621,0.00274865562096238,0.000000e+00
676,30,0.002942146035,0.00294214603491127,0.000000e+00
677,31,0.0127569912,0.0127569912001491,0.000000e+00
678,30,0.002942146035,0.00294214603491127,0.000000e+00
679,31,0.0127569912,0.0127569912001491,0.000000e+00
680,26,-0.01174412016,-0.0117441201582551,0.000000e+00
681,30,0.002942146035,0.00294214603491127,0.000000e+00
682,30,0.002942146035,0.00294214603491127,0.000000e+00
683,30,0.002942146035,0.00294214603491127,0.000000e+00
684,55,0.02401611023,0.024016110226512,0.000000e+00
685,8,-0.03018854745,-0.0301885474473238,0.000000e+00
686,30,0.002942146035,0.00294214603491127,0.000000e+00
687,22,0.002748655621,0.00274865562096238,0.000000e+00
688,31,0.0127569912,0.0127569912001491,0.000000e+00
689,29,0.003402300179,0.00340230017900467,0.000000e+00
690,16,-0.02100933902,-0.0210093390196562,0.000000e+00
691,63,0.02701722272,0.0270172227174044,0.000000e+00
692,63,0.02701722272,0.0270172227174044,0.000000e+00
693,31,0.0127569912,0.0127569912001491,0.000000e+00
694,55,0.02401611023,0.024016110226512,0.000000e+00
695,63,0.02701722272,0.0270172227174044,0.000000e+00
696,26,-0.01174412016,-0.0117441201582551,0.000000e+00
697,31,0.0127569912,0.0127569912001491,0.000000e+00
698,55,0.02401611023,0.024016110226512,0.000000e+00
699,30,0.002942146035,0.00294214603491127,0.000000e+00
700,30,0.002942146035,0.00294214603491127,0.000000e+00
701,23,0.0121689029,0.0121689029037952,0.000000e+00
702,12,-0.01635233127,-0.0163523312658072,0.000000e+00
703,28,-0.007856901735,-0.00785690173506737,0.000000e+00
704,37,0.008719623089,0.00871962308883667,0.000000e+00
705,26,-0.01174412016,-0.0117441201582551,0.000000e+00
706,26,-0.01174412016,-0.0117441201582551,0.000000e+00
707,63,0.02701722272,0.0270172227174044,0.000000e+00
708,30,0.002942146035,0.00294214603491127,0.000000e+00
709,8,-0.03018854745,-0.0301885474473238,0.000000e+00
710,24,-0.02248527855,-0.0224852785468102,0.000000e+00
711,26,-0.01174412016,-0.0117441201582551,0.000000e+00
712,22,0.002748655621,0.00274865562096238,0.000000e+00
713,30,0.002942146035,0.00294214603491127,0.000000e+00
714,63,0.02701722272,0.0270172227174044,0.000000e+00
715,26,-0.01174412016,-0.0117441201582551,0.000000e+00
716,30,0.002942146035,0.00294214603491127,0.000000e+00
717,61,0.01604051143,0.0160405114293098,0.000000e+00
718,61,0.01604051143,0.0160405114293098,0.000000e+00
719,4,-0.01281093061,-0.0128109306097031,0.000000e+00
720,61,0.01604051143,0.0160405114293098,0.000000e+00
721,63,0.02701722272,0.0270172227174044,0.000000e+00
722,26,-0.01174412016,-0.0117441201582551,0.000000e+00
723,26,-0.01174412016,-0.0117441201582551,0.000000e+00
724,61,0.01604051143,0.0160405114293098,0.000000e+00
725,8,-0.03018854745,-0.0301885474473238,0.000000e+00
726,45,0.004995354451,0.00499535445123911,0.000000e+00
727,29,0.003402300179,0.00340230017900467,0.000000e+00
728,8,-0.03018854745,-0.0301885474473238,0.000000e+00
729,30,0.002942146035,0.00294214603491127,0.000000e+00
730,30,0.002942146035,0.00294214603491127,0.000000e+00
731,28,-0.007856901735,-0.00785690173506737,0.000000e+00
732,63,0.02701722272,0.0270172227174044,0.000000e+00
733,21,0.001542665181,0.00154266518075019,0.000000e+00
734,26,-0.01174412016,-0.0117441201582551,0.000000e+00
735,26,-0.01174412016,-0.0117441201582551,0.000000e+00
736,31,0.0127569912,0.0127569912001491,0.000000e+00
737,5,-0.00704107713,-0.00704107712954283,0.000000e+00
738,45,0.004995354451,0.00499535445123911,0.000000e+00
739,8,-0.03018854745,-0.0301885474473238,0.000000e+00
740,13,-0.007738744374,-0.00773874437436461,0.000000e+00
741,8,-0.03018854745,-0.0301885474473238,0.000000e+00
742,28,-0.007856901735,-0.00785690173506737,0.000000e+00
743,28,-0.007856901735,-0.00785690173506737,0.000000e+00
744,28,-0.007856901735,-0.00785690173506737,0.000000e+00
745,45,0.004995354451,0.00499535445123911,0.000000e+00
746,61,0.01604051143,0.0160405114293098,0.000000e+00
747,8,-0.03018854745,-0.0301885474473238,0.000000e+00
748,24,-0.02248527855,-0.0224852785468102,0.000000e+00
749,63,0.02701722272,0.0270172227174044,0.000000e+00
750,63,0.02701722272,0.0270172227174044,0.000000e+00
751,16,-0.02100933902,-0.0210093390196562,0.000000e+00
752,45,0.004995354451,0.00499535445123911,0.000000e+00
753,26,-0.01174412016,-0.0117441201582551,0.000000e+00
754,8,-0.03018854745,-0.0301885474473238,0.000000e+00
755,31,0.0127569912,0.0127569912001491,0.000000e+00
756,12,-0.01635233127,-0.0163523312658072,0.000000e+00
757,24,-0.02248527855,-0.0224852785468102,0.000000e+00
758,45,0.004995354451,0.00499535445123911,0.000000e+00
759,63,0.02701722272,0.0270172227174044,0.000000e+00
760,26,-0.01174412016,-0.0117441201582551,0.000000e+00
761,26,-0.01174412016,-0.0117441201582551,0.000000e+00
762,63,0.02701722272,0.0270172227174044,0.000000e+00
763,28,-0.007856901735,-0.00785690173506737,0.000000e+00
764,28,-0.007856901735,-0.00785690173506737,0.000000e+00
765,30,0.002942146035,0.00294214603491127,0.000000e+00
766,30,0.002942146035,0.00294214603491127,0.000000e+00
767,61,0.01604051143,0.0160405114293098,0.000000e+00
768,61,0.01604051143,0.0160405114293098,0.000000e+00
769,30,0.002942146035,0.00294214603491127,0.000000e+00
770,45,0.004995354451,0.00499535445123911,0.000000e+00
771,45,0.004995354451,0.00499535445123911,0.000000e+00
772,8,-0.03018854745,-0.0301885474473238,0.000000e+00
773,22,0.002748655621,0.00274865562096238,0.000000e+00
774,31,0.0127569912,0.0127569912001491,0.000000e+00
775,55,0.02401611023,0.024016110226512,0.000000e+00
776,24,-0.02248527855,-0.0224852785468102,0.000000e+00
777,8,-0.03018854745,-0.0301885474473238,0.000000e+00
778,8,-0.03018854745,-0.0301885474473238,0.000000e+00
779,30,0.002942146035,0.00294214603491127,0.000000e+00
780,61,0.01604051143,0.0160405114293098,0.000000e+00
781,37,0.008719623089,0.00871962308883667,0.000000e+00
782,28,-0.007856901735,-0.00785690173506737,0.000000e+00
783,61,0.01604051143,0.0160405114293098,0.000000e+00
784,29,0.003402300179,0.00340230017900467,0.000000e+00
785,12,-0.01635233127,-0.0163523312658072,0.000000e+00
786,31,0.0127569912,0.0127569912001491,0.000000e+00
787,28,-0.007856901735,-0.00785690173506737,0.000000e+00
788,53,0.0135398889,0.0135398888960481,0.000000e+00
789,63,0.02701722272,0.0270172227174044,0.000000e+00
790,4,-0.01281093061,-0.0128109306097031,0.000000e+00
791,12,-0.01635233127,-0.0163523312658072,0.000000e+00
792,26,-0.01174412016,-0.0117441201582551,0.000000e+00
793,26,-0.01174412016,-0.0117441201582551,0.000000e+00
794,55,0.02401611023,0.024016110226512,0.000000e+00
795,21,0.001542665181,0.00154266518075019,0.000000e+00
796,13,-0.007738744374,-0.00773874437436461,0.000000e+00
797,23,0.0121689029,0.0121689029037952,0.000000e+00
798,12,-0.01635233127,-0.0163523312658072,0.000000e+00
799,31,0.0127569912,0.0127569912001491,0.000000e+00
800,26,-0.01174412016,-0.0117441201582551,0.000000e+00
801,29,0.003402300179,0.00340230017900467,0.000000e+00
802,26,-0.01174412016,-0.0117441201582551,0.000000e+00
803,26,-0.01174412016,-0.0117441201582551,0.000000e+00
804,22,0.002748655621,0.00274865562096238,0.000000e+00
805,30,0.002942146035,0.00294214603491127,0.000000e+00
806,26,-0.01174412016,-0.0117441201582551,0.000000e+00
807,22,0.002748655621,0.00274865562096238,0.000000e+00
808,30,0.002942146035,0.00294214603491127,0.000000e+00
809,24,-0.02248527855,-0.0224852785468102,0.000000e+00
810,31,0.0127569912,0.0127569912001491,0.000000e+00
811,24,-0.02248527855,-0.0224852785468102,0.000000e+00
812,31,0.0127569912,0.0127569912001491,0.000000e+00
813,4,-0.01281093061,-0.0128109306097031,0.000000e+00
814,28,-0.007856901735,-0.00785690173506737,0.000000e+00
815,30,0.002942146035,0.00294214603491127,0.000000e+00
816,55,0.02401611023,0.024016110226512,0.000000e+00
817,53,0.0135398889,0.0135398888960481,0.000000e+00
818,30,0.002942146035,0.00294214603491127,0.000000e+00
819,21,0.001542665181,0.00154266518075019,0.000000e+00
820,45,0.004995354451,0.00499535445123911,0.000000e+00
821,28,-0.007856901735,-0.00785690173506737,0.000000e+00
822,23,0.0121689029,0.0121689029037952,0.000000e+00
823,45,0.004995354451,0.00499535445123911,0.000000e+00
824,30,0.002942146035,0.00294214603491127,0.000000e+00
825,22,0.002748655621,0.00274865562096238,0.000000e+00
826,55,0.02401611023,0.024016110226512,0.000000e+00
827,26,-0.01174412016,-0.0117441201582551,0.000000e+00
828,45,0.004995354451,0.00499535445123911,0.000000e+00
829,26,-0.01174412016,-0.0117441201582551,0.000000e+00
830,13,-0.007738744374,-0.00773874437436461,0.000000e+00
831,30,0.002942146035,0.00294214603491127,0.000000e+00
832,20,-0.006825354882,-0.00682535488158464,0.000000e+00
833,5,-0.00704107713,-0.00704107712954283,0.000000e+00
834,31,0.0127569912,0.0127569912001491,0.000000e+00
835,22,0.002748655621,0.00274865562096238,0.000000e+00
836,30,0.002942146035,0.00294214603491127,0.000000e+00
837,55,0.02401611023,0.024016110226512,0.000000e+00
838,12,-0.01635233127,-0.0163523312658072,0.000000e+00
839,30,0.002942146035,0.00294214603491127,0.000000e+00
840,37,0.008719623089,0.00871962308883667,0.000000e+00
841,61,0.01604051143,0.0160405114293098,0.000000e+00
842,26,-0.01174412016,-0.0117441201582551,0.000000e+00
843,30,0.002942146035,0.00294214603491127,0.000000e+00
844,31,0.0127569912,0.0127569912001491,0.000000e+00
845,61,0.01604051143,0.0160405114293098,0.000000e+00
846,28,-0.007856901735,-0.00785690173506737,0.000000e+00
847,22,0.002748655621,0.00274865562096238,0.000000e+00
848,26,-0.01174412016,-0.0117441201582551,0.000000e+00
849,63,0.02701722272,0.0270172227174044,0.000000e+00
850,23,0.0121689029,0.0121689029037952,0.000000e+00
851,23,0.0121689029,0.0121689029037952,0.000000e+00
852,29,0.003402300179,0.00340230017900467,0.000000e+00
853,31,0.0127569912,0.0127569912001491,0.000000e+00
854,26,-0.01174412016,-0.0117441201582551,0.000000e+00
855,21,0.001542665181,0.00154266518075019,0.000000e+00
856,28,-0.007856901735,-0.00785690173506737,0.000000e+00
857,31,0.0127569912,0.0127569912001491,0.000000e+00
858,23,0.0121689029,0.0121689029037952,0.000000e+00
859,24,-0.02248527855,-0.0224852785468102,0.000000e+00
860,28,-0.007856901735,-0.00785690173506737,0.000000e+00
861,26,-0.01174412016,-0.0117441201582551,0.000000e+00
862,29,0.003402300179,0.00340230017900467,0.000000e+00
863,63,0.02701722272,0.0270172227174044,0.000000e+00
864,37,0.008719623089,0.00871962308883667,0.000000e+00
865,63,0.02701722272,0.0270172227174044,0.000000e+00
866,12,-0.01635233127,-0.0163523312658072,0.000000e+00
867,12,-0.01635233127,-0.0163523312658072,0.000000e+00
868,18,-0.009198909625,-0.00919890962541103,0.000000e+00
869,26,-0.01174412016,-0.0117441201582551,0.000000e+00
870,63,0.02701722272,0.0270172227174044,0.000000e+00
871,26,-0.01174412016,-0.0117441201582551,0.000000e+00
872,28,-0.007856901735,-0.00785690173506737,0.000000e+00
873,18,-0.009198909625,-0.00919890962541103,0.000000e+00
874,8,-0.03018854745,-0.0301885474473238,0.000000e+00
875,30,0.002942146035,0.00294214603491127,0.000000e+00
876,21,0.001542665181,0.00154266518075019,0.000000e+00
877,28,-0.007856901735,-0.00785690173506737,0.000000e+00
878,31,0.0127569912,0.0127569912001491,0.000000e+00
879,31,0.0127569912,0.0127569912001491,0.000000e+00
880,55,0.02401611023,0.024016110226512,0.000000e+00
881,12,-0.01635233127,-0.0163523312658072,0.000000e+00
882,31,0.0127569912,0.0127569912001491,0.000000e+00
883,63,0.02701722272,0.0270172227174044,0.000000e+00
884,30,0.002942146035,0.00294214603491127,0.000000e+00
885,26,-0.01174412016,-0.0117441201582551,0.000000e+00
886,24,-0.02248527855,-0.0224852785468102,0.000000e+00
887,31,0.0127569912,0.0127569912001491,0.000000e+00
888,23,0.0121689029,0.0121689029037952,0.000000e+00
889,24,-0.02248527855,-0.0224852785468102,0.000000e+00
890,23,0.0121689029,0.0121689029037952,0.000000e+00
891,28,-0.007856901735,-0.00785690173506737,0.000000e+00
892,13,-0.007738744374,-0.00773874437436461,0.000000e+00
893,18,-0.009198909625,-0.00919890962541103,0.000000e+00
894,45,0.004995354451,0.00499535445123911,0.000000e+00
895,30,0.002942146035,0.00294214603491127,0.000000e+00
896,63,0.02701722272,0.0270172227174044,0.000000e+00
897,31,0.0127569912,0.0127569912001491,0.000000e+00
898,30,0.002942146035,0.00294214603491127,0.000000e+00
899,8,-0.03018854745,-0.0301885474473238,0.000000e+00
900,23,0.0121689029,0.0121689029037952,0.000000e+00
901,63,0.02701722272,0.0270172227174044,0.000000e+00
902,31,0.0127569912,0.0127569912001491,0.000000e+00
903,31,0.0127569912,0.0127569912001491,0.000000e+00
904,30,0.002942146035,0.00294214603491127,0.000000e+00
905,61,0.01604051143,0.0160405114293098,0.000000e+00
906,30,0.002942146035,0.00294214603491127,0.000000e+00
907,63,0.02701722272,0.0270172227174044,0.000000e+00
908,16,-0.02100933902,-0.0210093390196562,0.000000e+00
909,30,0.002942146035,0.00294214603491127,0.000000e+00
910,24,-0.02248527855,-0.0224852785468102,0.000000e+00
911,29,0.003402300179,0.00340230017900467,0.000000e+00
912,31,0.0127569912,0.0127569912001491,0.000000e+00
913,29,0.003402300179,0.00340230017900467,0.000000e+00
914,24,-0.02248527855,-0.0224852785468102,0.000000e+00
915,29,0.003402300179,0.00340230017900467,0.000000e+00
916,28,-0.007856901735,-0.00785690173506737,0.000000e+00
917,8,-0.03018854745,-0.0301885474473238,0.000000e+00
918,0,-0.0251794979,-0.025179497897625,0.000000e+00
919,12,-0.01635233127,-0.0163523312658072,0.000000e+00
920,0,-0.0251794979,-0.025179497897625,0.000000e+00
921,24,-0.02248527855,-0.0224852785468102,0.000000e+00
922,24,-0.02248527855,-0.0224852785468102,0.000000e+00
923,31,0.0127569912,0.0127569912001491,0.000000e+00
924,26,-0.01174412016,-0.0117441201582551,0.000000e+00
925,63,0.02701722272,0.0270172227174044,0.000000e+00
926,13,-0.007738744374,-0.00773874437436461,0.000000e+00
927,5,-0.00704107713,-0.00704107712954283,0.000000e+00
928,45,0.004995354451,0.00499535445123911,0.000000e+00
929,26,-0.01174412016,-0.0117441201582551,0.000000e+00
930,63,0.02701722272,0.0270172227174044,0.000000e+00
931,55,0.02401611023,0.024016110226512,0.000000e+00
932,24,-0.02248527855,-0.0224852785468102,0.000000e+00
933,61,0.01604051143,0.0160405114293098,0.000000e+00
934,29,0.003402300179,0.00340230017900467,0.000000e+00
935,23,0.0121689029,0.0121689029037952,0.000000e+00
936,28,-0.007856901735,-0.00785690173506737,0.000000e+00
937,20,-0.006825354882,-0.00682535488158464,0.000000e+00
938,61,0.01604051143,0.0160405114293098,0.000000e+00
939,24,-0.02248527855,-0.0224852785468102,0.000000e+00
940,28,-0.007856901735,-0.00785690173506737,0.000000e+00
941,53,0.0135398889,0.0135398888960481,0.000000e+00
942,55,0.02401611023,0.024016110226512,0.000000e+00
943,30,0.002942146035,0.00294214603491127,0.000000e+00
944,30,0.002942146035,0.00294214603491127,0.000000e+00
945,63,0.02701722272,0.0270172227174044,0.000000e+00
946,28,-0.007856901735,-0.00785690173506737,0.000000e+00
947,45,0.004995354451,0.00499535445123911,0.000000e+00
948,28,-0.007856901735,-0.00785690173506737,0.000000e+00
949,22,0.002748655621,0.00274865562096238,0.000000e+00
950,53,0.0135398889,0.0135398888960481,0.000000e+00
951,28,-0.007856901735,-0.00785690173506737,0.000000e+00
952,63,0.02701722272,0.0270172227174044,0.000000e+00
953,8,-0.03018854745,-0.0301885474473238,0.000000e+00
954,12,-0.01635233127,-0.0163523312658072,0.000000e+00
955,63,0.02701722272,0.0270172227174044,0.000000e+00
956,24,-0.02248527855,-0.0224852785468102,0.000000e+00
957,31,0.0127569912,0.0127569912001491,0.000000e+00
958,30,0.002942146035,0.00294214603491127,0.000000e+00
959,30,0.002942146035,0.00294214603491127,0.000000e+00
960,21,0.001542665181,0.00154266518075019,0.000000e+00
961,61,0.01604051143,0.0160405114293098,0.000000e+00
962,55,0.02401611023,0.024016110226512,0.000000e+00
963,28,-0.007856901735,-0.00785690173506737,0.000000e+00
964,30,0.002942146035,0.00294214603491127,0.000000e+00
965,30,0.002942146035,0.00294214603491127,0.000000e+00
966,26,-0.01174412016,-0.0117441201582551,0.000000e+00
967,8,-0.03018854745,-0.0301885474473238,0.000000e+00
968,63,0.02701722272,0.0270172227174044,0.000000e+00
969,53,0.0135398889,0.0135398888960481,0.000000e+00
970,30,0.002942146035,0.00294214603491127,0.000000e+00
971,23,0.0121689029,0.0121689029037952,0.000000e+00
972,28,-0.007856901735,-0.00785690173506737,0.000000e+00
973,26,-0.01174412016,-0.0117441201582551,0.000000e+00
974,0,-0.0251794979,-0.025179497897625,0.000000e+00
975,24,-0.02248527855,-0.0224852785468102,0.000000e+00
976,12,-0.01635233127,-0.0163523312658072,0.000000e+00
977,31,0.0127569912,0.0127569912001491,0.000000e+00
978,24,-0.02248527855,-0.0224852785468102,0.000000e+00
979,23,0.0121689029,0.0121689029037952,0.000000e+00
980,61,0.01604051143,0.0160405114293098,0.000000e+00
981,63,0.02701722272,0.0270172227174044,0.000000e+00
982,63,0.02701722272,0.0270172227174044,0.000000e+00
983,30,0.002942146035,0.00294214603491127,0.000000e+00
984,31,0.0127569912,0.0127569912001491,0.000000e+00
985,30,0.002942146035,0.00294214603491127,0.000000e+00
986,45,0.004995354451,0.00499535445123911,0.000000e+00
987,61,0.01604051143,0.0160405114293098,0.000000e+00
988,30,0.002942146035,0.00294214603491127,0.000000e+00
989,31,0.0127569912,0.0127569912001491,0.000000e+00
990,31,0.0127569912,0.0127569912001491,0.000000e+00
991,31,0.0127569912,0.0127569912001491,0.000000e+00
992,12,-0.01635233127,-0.0163523312658072,0.000000e+00
993,31,0.0127569912,0.0127569912001491,0.000000e+00
994,24,-0.02248527855,-0.0224852785468102,0.000000e+00
995,18,-0.009198909625,-0.00919890962541103,0.000000e+00
996,24,-0.02248527855,-0.0224852785468102,0.000000e+00
997,30,0.002942146035,0.00294214603491127,0.000000e+00
998,31,0.0127569912,0.0127569912001491,0.000000e+00
999,45,0.004995354451,0.00499535445123911,0.000000e+00
